Count,Position,Timestamp
1,6,63676480940
1,6,63676481780
1,5,63676481985
1,2,63676482005
1,3,63676482006
1,5,63676482225
1,5,63676482225
1,1,63676484966
1,1,63676485115
1,1,63676485115
1,5,63676485344
1,5,63676485464
1,6,63676485560
1,1,63676485595
1,6,63676485860
1,5,63676486064
1,2,63676486144
2,4,63676486149
1,4,63676486209
1,6,63676486280
1,1,63676486315
1,6,63676486339
1,4,63676486389
2,1,63676486435
1,1,63676486555
1,5,63676486604
1,1,63676486615
1,3,63676486625
1,1,63676486675
1,2,63676486684
1,2,63676486684
1,1,63676486735
1,2,63676486924
1,2,63676486984
1,1,63676487035
2,1,63676487035
1,2,63676487104
1,2,63676487284
1,4,63676487289
1,6,63676487299
2,1,63676487334
1,1,63676487454
1,4,63676487469
1,6,63676487479
1,2,63676487524
1,2,63676487524
1,1,63676487574
1,4,63676487589
1,6,63676487599
1,6,63676487659
1,4,63676487709
1,2,63676487764
1,2,63676487824
1,4,63676487829
1,1,63676487934
1,2,63676488004
1,4,63676488009
1,1,63676488114
1,2,63676488184
1,2,63676488244
1,1,63676488294
1,2,63676488304
1,2,63676488304
1,1,63676488354
1,1,63676488354
1,2,63676488364
1,1,63676488414
1,2,63676488424
1,1,63676488474
1,3,63676488485
2,1,63676488534
1,2,63676488544
1,1,63676488654
1,2,63676488724
4,1,63676488774
1,1,63676488774
3,2,63676488784
3,3,63676488785
1,1,63676488834
1,2,63676488844
1,4,63676488849
1,4,63676488849
3,5,63676488884
1,1,63676488894
1,6,63676488919
1,2,63676488964
1,4,63676488969
1,1,63676489014
2,6,63676489039
1,1,63676489074
2,6,63676489099
1,1,63676489134
2,2,63676489144
1,4,63676489149
1,6,63676489159
1,5,63676489184
2,1,63676489194
1,1,63676489194
1,5,63676489244
1,2,63676489264
1,3,63676489265
3,1,63676489374
1,2,63676489384
1,1,63676489434
2,2,63676489444
1,3,63676489445
1,6,63676489459
1,1,63676489494
1,2,63676489504
1,1,63676489554
1,2,63676489744
1,6,63676489819
1,1,63676489854
1,5,63676489964
1,3,63676489985
2,1,63676490034
1,2,63676490044
1,6,63676490119
2,1,63676490214
3,1,63676490274
1,1,63676490274
2,2,63676490284
1,4,63676490289
1,6,63676490299
1,6,63676490299
2,5,63676490324
1,1,63676490334
1,1,63676490334
1,6,63676490359
1,3,63676490405
1,6,63676490419
1,1,63676490454
2,2,63676490464
1,4,63676490469
2,1,63676490514
1,2,63676490524
2,1,63676490574
1,3,63676490585
1,5,63676490623
2,1,63676490754
1,1,63676490814
1,3,63676490825
1,6,63676490839
1,4,63676490888
1,6,63676490899
1,1,63676490934
1,6,63676491079
1,5,63676491103
1,3,63676491125
1,1,63676491174
1,2,63676491183
1,1,63676491234
2,2,63676491243
1,6,63676491259
1,1,63676491294
1,1,63676491354
1,2,63676491363
1,1,63676491474
1,1,63676491534
1,1,63676491594
2,1,63676491654
2,2,63676491663
1,2,63676491723
1,3,63676491725
1,1,63676491774
1,4,63676491848
1,1,63676491894
1,6,63676492099
1,1,63676492134
1,4,63676492148
1,6,63676492159
1,6,63676492219
1,1,63676492254
2,2,63676492263
2,1,63676492314
1,2,63676492323
1,6,63676492339
1,4,63676492388
1,6,63676492399
1,1,63676492434
1,1,63676492434
2,2,63676492443
1,3,63676492445
1,5,63676492483
1,1,63676492494
1,2,63676492503
1,6,63676492519
1,1,63676492554
1,4,63676492568
1,6,63676492579
1,6,63676492639
1,6,63676492879
1,3,63676492985
1,3,63676493045
1,6,63676493059
2,1,63676493094
1,2,63676493103
1,1,63676493154
1,6,63676493178
1,3,63676493225
1,6,63676493238
1,1,63676493334
1,4,63676493468
1,4,63676493468
1,2,63676493523
1,6,63676493538
1,1,63676493634
1,1,63676493814
1,4,63676493828
2,1,63676493934
2,1,63676493994
1,1,63676494174
1,6,63676494258
1,1,63676494294
2,2,63676494303
1,1,63676494354
1,2,63676494363
1,6,63676494378
1,1,63676494414
1,4,63676494488
2,6,63676494498
1,4,63676494548
1,6,63676494558
1,4,63676494608
1,2,63676494663
1,1,63676494714
1,2,63676494723
2,1,63676494774
1,2,63676494783
1,1,63676494834
2,1,63676495074
2,2,63676495083
1,4,63676495088
1,6,63676495098
1,1,63676495134
1,2,63676495143
1,3,63676495145
1,6,63676495158
1,1,63676495194
1,1,63676495194
4,2,63676495203
1,2,63676495263
1,6,63676495278
1,2,63676495323
1,5,63676495363
2,1,63676495374
1,1,63676495374
1,2,63676495383
2,3,63676495384
2,1,63676495434
1,2,63676495443
1,2,63676495443
1,6,63676495458
1,1,63676495494
1,3,63676495504
1,1,63676495554
1,2,63676495563
2,6,63676495578
1,1,63676495614
2,1,63676495674
1,2,63676495683
1,4,63676495688
3,6,63676495698
1,5,63676495723
1,1,63676495734
1,2,63676495743
2,6,63676495758
1,6,63676495758
1,5,63676495783
1,1,63676495794
2,6,63676495818
1,5,63676495843
3,6,63676495878
1,1,63676495914
2,1,63676495974
1,2,63676495983
1,6,63676495998
2,5,63676496023
1,1,63676496034
2,2,63676496043
1,2,63676496043
1,3,63676496044
2,4,63676496048
1,5,63676496083
1,1,63676496154
1,6,63676496178
1,1,63676496214
1,2,63676496223
2,2,63676496283
1,3,63676496284
1,4,63676496288
1,6,63676496298
1,1,63676496334
2,2,63676496343
2,6,63676496418
2,4,63676496468
1,6,63676496478
1,2,63676496523
1,4,63676496528
1,6,63676496538
2,1,63676496574
1,1,63676496574
2,2,63676496583
1,2,63676496583
1,2,63676496643
1,3,63676496644
1,6,63676496658
1,5,63676496683
1,2,63676496703
2,2,63676496703
1,1,63676496754
1,6,63676496778
1,1,63676496934
1,4,63676496948
3,2,63676497003
1,4,63676497008
2,1,63676497054
1,4,63676497128
1,6,63676497138
1,2,63676497183
1,4,63676497188
2,1,63676497234
1,2,63676497243
2,1,63676497294
1,5,63676497343
1,1,63676497354
2,4,63676497368
2,6,63676497378
1,1,63676497414
3,2,63676497423
1,4,63676497428
1,1,63676497474
1,4,63676497548
1,4,63676497548
1,2,63676497603
1,6,63676497618
1,1,63676497653
1,2,63676497723
1,3,63676497724
1,6,63676497738
1,1,63676497773
1,2,63676497783
1,2,63676497783
1,4,63676497788
1,6,63676497798
1,1,63676497833
1,2,63676497843
1,2,63676497843
2,4,63676497848
2,4,63676497848
1,6,63676497858
1,1,63676497893
2,1,63676497893
1,2,63676497903
3,4,63676497908
1,6,63676497978
1,2,63676498023
2,4,63676498028
1,4,63676498028
2,6,63676498038
1,1,63676498073
1,1,63676498073
1,2,63676498083
1,2,63676498083
5,4,63676498088
1,6,63676498098
2,4,63676498148
1,6,63676498158
1,6,63676498218
1,1,63676498253
1,2,63676498263
1,1,63676498313
1,1,63676498373
1,6,63676498458
1,4,63676498508
1,4,63676498628
1,6,63676498638
1,1,63676498673
1,2,63676498683
1,4,63676498688
1,6,63676498698
1,1,63676498733
1,5,63676498782
1,2,63676498803
1,3,63676498804
1,3,63676498804
1,5,63676498842
1,6,63676498878
1,1,63676498913
1,4,63676498928
1,6,63676498938
1,2,63676498983
1,4,63676498988
1,4,63676498988
1,6,63676498998
1,5,63676499022
1,1,63676499033
1,1,63676499033
2,2,63676499043
1,3,63676499044
2,6,63676499058
1,6,63676499058
1,1,63676499093
1,6,63676499118
1,6,63676499118
2,2,63676499163
1,3,63676499164
2,4,63676499168
1,6,63676499178
1,1,63676499213
1,4,63676499228
1,5,63676499262
1,2,63676499283
1,3,63676499284
1,6,63676499298
1,5,63676499322
1,1,63676499333
1,2,63676499343
1,6,63676499358
1,6,63676499358
1,1,63676499393
1,4,63676499408
1,6,63676499418
1,6,63676499418
1,6,63676499478
2,6,63676499598
1,1,63676499633
1,1,63676499633
2,4,63676499648
1,6,63676499658
3,2,63676499703
1,4,63676499708
8,6,63676499718
2,5,63676499742
2,1,63676499753
1,2,63676499763
1,3,63676499764
3,3,63676499764
7,4,63676499768
1,6,63676499778
9,6,63676499778
1,5,63676499802
2,1,63676499813
11,2,63676499823
1,3,63676499824
6,4,63676499828
2,1,63676499873
13,1,63676499873
1,2,63676499883
3,2,63676499883
1,4,63676499888
3,4,63676499888
1,6,63676499898
1,1,63676499933
3,1,63676499933
1,2,63676499943
5,2,63676499943
1,6,63676499958
1,6,63676499958
2,1,63676499993
5,1,63676499993
2,2,63676500003
2,4,63676500007
1,6,63676500018
1,2,63676500062
1,3,63676500064
1,4,63676500067
2,6,63676500078
1,1,63676500113
2,1,63676500113
1,2,63676500122
1,2,63676500182
1,4,63676500187
4,6,63676500198
2,1,63676500233
2,1,63676500233
2,2,63676500242
7,2,63676500242
1,3,63676500244
5,4,63676500247
1,5,63676500282
1,1,63676500353
6,1,63676500353
2,2,63676500362
1,6,63676500378
1,1,63676500413
1,4,63676500427
1,1,63676500473
1,2,63676500482
2,2,63676500482
2,1,63676500533
2,4,63676500547
1,1,63676500593
1,5,63676500642
1,1,63676500653
1,5,63676500702
1,1,63676500713
1,2,63676500722
1,1,63676500773
3,3,63676500784
2,2,63676500842
4,1,63676500893
1,1,63676501073
1,2,63676501082
1,3,63676501084
2,1,63676501133
1,1,63676501253
1,1,63676501253
2,4,63676501267
1,2,63676501382
1,2,63676501382
1,6,63676501397
1,1,63676501433
1,4,63676501447
1,3,63676501504
1,6,63676501517
1,2,63676501622
1,6,63676501637
1,1,63676501673
3,1,63676501673
1,5,63676501722
1,1,63676501733
2,2,63676501742
1,2,63676501742
2,1,63676501793
1,1,63676501793
2,2,63676501802
2,1,63676501853
1,3,63676501864
2,4,63676501927
2,1,63676502153
1,2,63676502162
1,2,63676502222
1,4,63676502227
2,1,63676502273
1,5,63676502322
1,2,63676502342
2,1,63676502393
1,4,63676502467
1,5,63676502502
2,1,63676502513
1,2,63676502522
1,1,63676502573
2,1,63676502573
1,1,63676502633
2,1,63676502633
1,2,63676502642
1,2,63676502642
1,3,63676502644
1,6,63676502657
1,1,63676502693
5,2,63676502702
1,3,63676502704
1,4,63676502707
2,6,63676502717
1,1,63676502753
2,2,63676502762
1,3,63676502764
3,1,63676502813
5,1,63676502813
2,4,63676502827
1,6,63676502837
1,5,63676502862
1,1,63676502873
1,1,63676502873
1,2,63676502882
1,4,63676502887
2,1,63676502933
2,2,63676502942
4,2,63676502942
2,4,63676502947
2,6,63676502957
1,6,63676502957
4,1,63676502993
2,2,63676503002
1,2,63676503002
1,4,63676503007
1,4,63676503007
2,6,63676503017
2,1,63676503053
1,2,63676503062
1,2,63676503062
1,3,63676503064
2,4,63676503067
2,6,63676503077
1,1,63676503113
1,2,63676503122
3,2,63676503122
1,4,63676503127
1,4,63676503127
1,5,63676503162
3,1,63676503173
1,4,63676503187
1,4,63676503187
1,6,63676503197
1,5,63676503222
1,1,63676503233
1,4,63676503247
1,6,63676503257
3,1,63676503293
1,1,63676503293
4,2,63676503302
2,4,63676503307
1,4,63676503307
1,6,63676503317
1,1,63676503353
1,2,63676503362
1,6,63676503377
1,6,63676503377
1,1,63676503413
1,3,63676503424
1,1,63676503473
1,2,63676503482
1,3,63676503484
1,4,63676503487
5,1,63676503533
1,2,63676503542
1,2,63676503542
1,4,63676503547
1,4,63676503547
1,6,63676503557
1,1,63676503593
1,4,63676503607
1,6,63676503617
1,4,63676503667
1,1,63676503713
1,4,63676503727
1,4,63676503727
1,6,63676503737
1,2,63676503782
1,4,63676503787
1,1,63676503833
1,3,63676503843
1,4,63676503847
1,6,63676503857
1,3,63676503903
1,6,63676503917
1,5,63676503942
1,1,63676503953
1,1,63676503953
1,2,63676503962
1,2,63676503962
1,3,63676503963
1,1,63676504013
1,4,63676504087
1,6,63676504097
1,4,63676504147
1,6,63676504157
1,1,63676504193
1,2,63676504202
1,1,63676504253
2,6,63676504277
1,1,63676504373
1,2,63676504382
1,6,63676504397
1,5,63676504422
2,1,63676504433
1,2,63676504442
1,3,63676504443
1,5,63676504482
1,5,63676504482
2,3,63676504503
1,4,63676504507
1,6,63676504517
1,1,63676504553
1,2,63676504562
1,3,63676504563
1,1,63676504613
2,2,63676504622
1,2,63676504682
1,3,63676504683
1,1,63676504733
2,2,63676504742
2,1,63676504793
1,1,63676504913
1,6,63676504937
1,4,63676504987
2,1,63676505093
1,1,63676505093
2,2,63676505102
1,3,63676505103
2,4,63676505107
1,5,63676505142
1,4,63676505167
1,4,63676505167
1,5,63676505201
2,6,63676505237
1,6,63676505237
1,3,63676505283
1,4,63676505287
1,5,63676505321
1,5,63676505321
1,2,63676505342
1,6,63676505357
1,6,63676505417
1,5,63676505441
1,5,63676505441
1,2,63676505462
2,4,63676505467
2,1,63676505513
1,6,63676505597
1,4,63676505647
1,6,63676505657
1,4,63676505707
1,6,63676505717
1,6,63676505777
1,1,63676505813
1,4,63676505827
1,4,63676505827
1,1,63676505873
1,2,63676505882
3,6,63676505897
1,1,63676505933
1,6,63676505957
1,1,63676505993
1,1,63676505993
1,2,63676506002
2,6,63676506017
1,6,63676506017
1,3,63676506063
1,4,63676506067
1,1,63676506113
1,1,63676506113
1,2,63676506122
1,2,63676506122
1,4,63676506127
1,6,63676506137
1,5,63676506161
3,1,63676506173
1,1,63676506173
1,4,63676506187
2,6,63676506197
2,1,63676506233
1,1,63676506233
2,2,63676506242
3,2,63676506242
1,4,63676506247
2,4,63676506247
1,6,63676506257
1,5,63676506281
4,1,63676506293
1,2,63676506302
1,4,63676506307
1,2,63676506362
1,3,63676506363
3,6,63676506377
1,1,63676506413
1,2,63676506422
1,1,63676506473
2,1,63676506533
1,1,63676506533
1,2,63676506542
1,2,63676506542
3,1,63676506593
1,2,63676506602
1,4,63676506607
1,4,63676506607
1,6,63676506617
1,6,63676506677
1,1,63676506713
2,2,63676506722
2,1,63676506773
2,5,63676506821
1,5,63676506821
1,1,63676506833
1,5,63676506881
2,4,63676506907
1,6,63676506917
1,5,63676506941
1,2,63676506962
1,6,63676506977
2,6,63676506977
1,1,63676507013
1,3,63676507023
1,4,63676507087
1,6,63676507097
1,5,63676507121
2,2,63676507142
1,4,63676507147
3,6,63676507157
1,1,63676507193
1,2,63676507202
2,1,63676507253
1,4,63676507267
1,1,63676507313
1,2,63676507322
2,4,63676507327
2,1,63676507433
1,2,63676507442
2,3,63676507443
1,6,63676507457
1,6,63676507457
2,5,63676507481
1,1,63676507493
1,2,63676507502
2,3,63676507503
1,6,63676507517
1,5,63676507541
2,1,63676507553
1,2,63676507562
1,2,63676507562
1,5,63676507601
1,2,63676507622
1,3,63676507623
1,5,63676507661
1,1,63676507673
1,2,63676507682
2,2,63676507682
2,4,63676507687
1,5,63676507721
1,1,63676507733
1,2,63676507742
1,4,63676507747
2,6,63676507757
1,1,63676507793
1,3,63676507803
1,4,63676507807
1,5,63676507841
1,4,63676507867
1,3,63676507983
1,1,63676508033
1,6,63676508056
1,1,63676508093
1,2,63676508102
1,3,63676508103
1,4,63676508107
2,1,63676508153
1,2,63676508162
1,3,63676508163
1,1,63676508213
1,1,63676508213
1,2,63676508221
1,3,63676508223
1,3,63676508223
2,2,63676508281
1,1,63676508333
2,1,63676508333
1,2,63676508341
1,3,63676508343
1,4,63676508347
3,1,63676508393
7,6,63676508416
1,1,63676508453
1,2,63676508461
1,2,63676508461
1,4,63676508467
8,4,63676508467
1,1,63676508513
6,2,63676508521
1,4,63676508527
1,5,63676508561
5,1,63676508573
1,1,63676508633
2,1,63676508633
1,4,63676508646
1,5,63676508681
1,3,63676508703
2,1,63676508753
1,2,63676508761
1,1,63676508813
1,2,63676508821
2,4,63676508826
1,1,63676508873
1,2,63676508881
1,1,63676508933
1,4,63676508946
1,6,63676508956
1,1,63676508993
1,4,63676509006
1,6,63676509016
2,1,63676509113
2,2,63676509121
1,1,63676509173
1,1,63676509173
1,2,63676509181
2,3,63676509183
1,6,63676509196
2,5,63676509221
1,5,63676509221
1,1,63676509233
1,3,63676509303
3,6,63676509316
1,1,63676509353
1,2,63676509361
1,6,63676509376
1,5,63676509401
1,1,63676509413
1,4,63676509426
1,2,63676509481
1,5,63676509581
1,1,63676509593
3,2,63676509721
1,4,63676509726
1,6,63676509736
3,1,63676509773
1,5,63676509821
1,1,63676509832
1,2,63676509901
2,3,63676509903
1,1,63676509952
1,1,63676509952
1,6,63676509976
2,4,63676510026
1,5,63676510061
1,1,63676510133
2,1,63676510133
1,2,63676510141
1,3,63676510143
1,4,63676510146
2,1,63676510192
2,1,63676510192
1,2,63676510201
1,6,63676510216
1,1,63676510252
1,1,63676510252
1,2,63676510261
1,3,63676510263
2,6,63676510276
1,3,63676510323
1,4,63676510326
1,5,63676510361
1,1,63676510432
1,1,63676510432
1,2,63676510441
1,1,63676510492
1,3,63676510563
1,3,63676510563
2,1,63676510612
1,2,63676510621
1,2,63676510621
1,3,63676510623
1,1,63676510672
1,4,63676510686
1,6,63676510696
1,2,63676510741
2,4,63676510746
2,4,63676510746
1,1,63676510792
1,2,63676510801
3,4,63676510806
2,6,63676510816
1,1,63676510852
2,2,63676510861
1,1,63676510912
1,2,63676510921
1,2,63676510921
1,4,63676510926
2,1,63676510972
1,4,63676510986
1,6,63676510996
2,5,63676511021
1,1,63676511032
1,1,63676511032
1,2,63676511041
1,3,63676511043
1,6,63676511056
1,2,63676511101
1,2,63676511101
1,4,63676511106
1,6,63676511116
1,5,63676511141
1,1,63676511152
1,6,63676511236
1,1,63676511272
1,2,63676511281
1,3,63676511283
1,5,63676511321
1,1,63676511332
1,2,63676511341
1,3,63676511343
1,1,63676511392
2,1,63676511392
1,6,63676511416
1,2,63676511461
1,1,63676511512
2,2,63676511521
1,6,63676511536
1,1,63676511572
2,2,63676511581
2,1,63676511632
1,1,63676511692
1,2,63676511701
1,3,63676511703
1,5,63676511741
1,1,63676511752
1,2,63676511761
1,1,63676511812
1,2,63676511821
1,1,63676511872
1,5,63676511921
1,1,63676511932
1,2,63676511941
1,3,63676511942
1,6,63676511956
1,6,63676511956
1,1,63676511992
1,2,63676512001
1,6,63676512016
1,1,63676512052
1,4,63676512066
1,6,63676512076
1,3,63676512122
1,6,63676512136
1,2,63676512181
1,6,63676512196
1,1,63676512232
1,4,63676512246
1,6,63676512256
1,6,63676512316
1,1,63676512352
1,2,63676512361
1,6,63676512376
1,1,63676512412
1,4,63676512426
1,6,63676512436
1,1,63676512472
1,2,63676512481
1,4,63676512486
1,1,63676512532
2,2,63676512541
1,4,63676512546
1,6,63676512556
2,4,63676512606
1,6,63676512616
1,6,63676512676
1,6,63676512796
1,5,63676512820
1,3,63676512842
1,6,63676512856
1,4,63676512906
1,6,63676512916
1,1,63676513072
1,2,63676513081
1,4,63676513086
1,1,63676513132
2,1,63676513132
1,4,63676513206
1,2,63676513261
1,3,63676513262
1,2,63676513381
1,1,63676513432
1,2,63676513441
1,4,63676513446
1,1,63676513492
1,1,63676513552
2,2,63676513561
1,6,63676513576
1,1,63676513612
1,1,63676513732
1,2,63676513741
1,4,63676513746
2,6,63676513756
1,1,63676513792
1,6,63676513816
1,6,63676513816
1,5,63676513840
1,3,63676513862
1,6,63676513876
4,1,63676513912
2,2,63676513921
1,3,63676513922
1,5,63676513960
1,6,63676513996
2,6,63676513996
1,1,63676514032
2,6,63676514056
1,2,63676514101
1,2,63676514101
1,6,63676514116
1,6,63676514116
1,5,63676514140
1,2,63676514161
1,6,63676514176
1,1,63676514212
1,3,63676514222
1,4,63676514226
1,1,63676514272
2,2,63676514281
1,1,63676514332
1,4,63676514346
1,6,63676514356
1,2,63676514401
1,6,63676514416
2,1,63676514452
2,1,63676514572
1,4,63676514586
1,6,63676514596
1,4,63676514646
1,1,63676514752
2,1,63676514752
1,2,63676514761
1,2,63676514761
1,3,63676514762
1,4,63676514766
1,4,63676514766
2,6,63676514776
1,5,63676514800
2,1,63676514812
1,6,63676514836
1,5,63676514860
1,3,63676514882
1,4,63676514886
1,5,63676514920
1,1,63676514932
2,2,63676514941
1,3,63676514942
1,3,63676514942
2,4,63676514946
1,6,63676514956
1,5,63676514980
1,4,63676515066
1,6,63676515076
1,6,63676515136
1,6,63676515136
1,5,63676515520
2,1,63676515532
2,2,63676515541
1,1,63676515832
1,1,63676515892
1,2,63676515901
1,1,63676515952
1,2,63676515961
1,6,63676515975
1,1,63676516012
2,1,63676516072
1,2,63676516081
1,4,63676516086
1,1,63676516132
1,1,63676516132
1,2,63676516141
1,6,63676516155
1,5,63676516300
1,5,63676516300
1,2,63676516321
1,3,63676516322
1,1,63676516372
2,2,63676516381
1,2,63676516381
2,3,63676516382
1,3,63676516382
1,1,63676516432
1,6,63676516455
1,1,63676516492
1,2,63676516621
1,2,63676516681
2,4,63676516686
3,2,63676516741
2,1,63676516792
1,2,63676516801
2,4,63676516806
1,1,63676516852
2,2,63676516921
1,4,63676517106
1,6,63676517115
1,1,63676517152
2,1,63676517152
1,4,63676517166
1,1,63676517212
2,3,63676517282
1,4,63676517286
1,6,63676517295
1,2,63676517340
1,1,63676517392
1,6,63676517475
1,2,63676517520
1,3,63676517522
1,1,63676517572
1,6,63676517595
1,4,63676517646
1,2,63676517700
1,6,63676517715
1,5,63676517740
1,3,63676517822
2,1,63676517872
1,2,63676517880
1,6,63676517895
1,1,63676517992
1,3,63676518002
1,6,63676518015
1,1,63676518172
1,6,63676518195
2,1,63676518412
1,4,63676518425
1,1,63676518472
1,2,63676518480
1,3,63676518542
1,5,63676518700
1,2,63676518780
1,5,63676518820
1,3,63676518842
1,3,63676518902
4,1,63676518952
1,3,63676519022
1,2,63676519080
2,1,63676519132
1,6,63676519275
1,4,63676519325
1,4,63676519385
1,6,63676519455
2,2,63676519500
1,1,63676519551
1,4,63676519565
1,6,63676519575
1,2,63676519620
1,1,63676519671
1,1,63676519731
1,1,63676519731
1,1,63676519851
1,1,63676520031
1,3,63676520402
1,6,63676520415
1,1,63676520511
2,2,63676520520
1,3,63676520582
1,6,63676520715
1,1,63676520751
1,1,63676520811
1,3,63676520822
1,3,63676520881
2,6,63676521015
2,4,63676521065
2,2,63676521120
2,1,63676521171
1,2,63676521240
1,3,63676521241
1,1,63676521291
1,2,63676521840
1,4,63676522145
1,5,63676522179
1,2,63676522200
1,3,63676522201
1,1,63676522251
1,3,63676522261
1,4,63676522325
1,1,63676522431
1,5,63676522599
1,2,63676522680
1,2,63676522980
1,3,63676522981
1,1,63676523031
1,5,63676523199
1,5,63676523499
1,2,63676523580
1,3,63676523581
1,1,63676523631
1,6,63676523834
1,6,63676524194
1,3,63676524481
1,4,63676525205
2,6,63676525754
1,2,63676525859
1,1,63676525911
1,3,63676526881
2,6,63676527223
1,6,63676527283
1,6,63676527583
1,1,63676529270
1,2,63676529279
2,1,63676529450
1,6,63676533162
1,6,63676533402
1,1,63676535390
1,3,63676535760
1,5,63676536006
1,6,63676536161
1,5,63676536186
1,2,63676536238
1,3,63676536240
1,1,63676536290
1,4,63676536363
1,5,63676552384
1,4,63676552471
1,2,63676552525
1,1,63676552548
1,1,63676570426
1,3,63676570585
1,6,63676570716
1,1,63676570846
1,6,63676570896
2,1,63676570906
1,2,63676570943
1,4,63676571068
1,6,63676571076
1,1,63676571206
1,2,63676571243
1,6,63676571256
1,4,63676571308
1,2,63676571363
1,2,63676571483
1,1,63676571506
1,6,63676571556
1,1,63676571806
1,1,63676572106
1,2,63676572383
1,4,63676572508
1,6,63676572516
1,4,63676572628
1,6,63676572636
1,6,63676573176
1,4,63676573228
1,1,63676573306
1,6,63676573416
1,1,63676573546
1,1,63676573606
1,2,63676573643
1,2,63676573763
1,4,63676573888
1,6,63676573896
1,1,63676574026
1,6,63676574076
1,1,63676574086
1,2,63676574123
2,3,63676574124
1,1,63676574146
1,1,63676574146
1,5,63676574161
1,2,63676574183
12,1,63676574206
1,6,63676574316
1,2,63676574363
2,4,63676574368
2,1,63676574386
1,1,63676574386
1,2,63676574423
1,2,63676574423
2,1,63676574446
1,2,63676574483
1,4,63676574488
1,5,63676574581
1,3,63676574604
1,6,63676574616
1,2,63676574663
1,1,63676574746
1,1,63676574746
1,2,63676574783
2,4,63676574848
1,6,63676574856
1,1,63676574866
1,6,63676574976
2,1,63676574986
1,4,63676575028
2,1,63676575046
1,2,63676575083
1,1,63676575106
1,1,63676575106
1,2,63676575143
3,1,63676575286
1,2,63676575322
1,1,63676575346
1,2,63676575382
1,4,63676575388
1,1,63676575406
1,6,63676575456
2,1,63676575646
1,2,63676575682
1,1,63676575706
1,4,63676575748
1,6,63676575756
1,6,63676575876
1,1,63676575886
1,2,63676575922
1,4,63676575928
1,1,63676575946
1,2,63676575982
1,6,63676575996
1,6,63676576056
1,1,63676576065
1,4,63676576108
1,1,63676576125
1,5,63676576141
2,2,63676576162
1,3,63676576164
2,2,63676576222
1,1,63676576245
1,2,63676576282
1,6,63676576296
1,1,63676576305
1,3,63676576344
1,4,63676576348
1,1,63676576365
1,5,63676576381
1,3,63676576404
1,1,63676576425
1,6,63676576476
1,1,63676576605
1,3,63676576644
1,1,63676576665
1,4,63676576708
1,6,63676576775
1,1,63676576845
1,5,63676576861
2,2,63676576882
1,5,63676576921
1,6,63676576955
1,1,63676576965
1,1,63676577025
1,1,63676577025
1,6,63676577075
1,2,63676577122
1,3,63676577244
1,1,63676577265
1,6,63676577315
1,6,63676577315
1,4,63676577368
1,6,63676577375
3,6,63676577375
3,2,63676577422
2,4,63676577428
1,1,63676577445
1,1,63676577445
1,4,63676577608
1,1,63676577685
1,1,63676577745
1,2,63676577782
1,3,63676577784
1,1,63676577805
1,1,63676577865
1,2,63676577962
1,4,63676577968
1,1,63676577985
1,2,63676578022
1,4,63676578028
1,6,63676578035
1,2,63676578082
2,4,63676578088
1,6,63676578095
1,6,63676578095
1,4,63676578148
1,6,63676578155
1,1,63676578165
1,2,63676578202
1,1,63676578225
1,2,63676578322
1,4,63676578328
3,1,63676578345
1,5,63676578420
1,2,63676578442
1,3,63676578444
1,6,63676578515
2,1,63676578525
1,2,63676578562
1,4,63676578568
1,1,63676578585
1,5,63676578600
1,2,63676578622
2,2,63676578622
1,3,63676578624
2,1,63676578645
2,1,63676578645
1,2,63676578682
1,4,63676578808
1,1,63676578825
1,4,63676578868
1,6,63676578995
1,2,63676579042
1,4,63676579048
1,1,63676579065
1,4,63676579168
1,6,63676579235
1,6,63676579235
1,2,63676579282
1,1,63676579305
1,1,63676579305
1,6,63676579355
1,4,63676579408
1,2,63676579462
1,1,63676579545
1,4,63676579707
1,6,63676579955
1,2,63676580002
1,1,63676580025
1,2,63676580122
1,3,63676580123
1,4,63676580127
1,6,63676580135
1,1,63676580145
1,5,63676580160
1,2,63676580182
1,6,63676580195
1,1,63676580205
1,6,63676580255
1,1,63676580265
1,6,63676580315
1,4,63676580367
1,1,63676580385
1,6,63676580435
1,6,63676580435
1,1,63676580445
1,4,63676580487
1,2,63676580542
1,6,63676580615
1,1,63676580625
1,1,63676580685
1,5,63676580700
1,2,63676580722
1,4,63676580727
1,2,63676580782
1,6,63676580795
1,1,63676580805
1,5,63676580820
1,3,63676580843
1,6,63676580915
1,4,63676580967
1,6,63676580975
2,1,63676580985
1,2,63676581022
2,3,63676581023
3,1,63676581045
1,6,63676581155
1,1,63676581165
2,2,63676581202
1,4,63676581207
1,3,63676581263
1,6,63676581275
5,1,63676581285
1,1,63676581285
3,2,63676581322
1,2,63676581322
1,4,63676581327
1,6,63676581335
3,1,63676581345
2,1,63676581345
3,2,63676581382
1,5,63676581420
1,3,63676581443
1,4,63676581447
1,5,63676581480
1,2,63676581502
1,3,63676581503
1,6,63676581515
1,6,63676581515
1,1,63676581525
2,2,63676581562
2,4,63676581567
1,6,63676581575
1,5,63676581600
1,2,63676581622
2,4,63676581627
2,6,63676581635
1,1,63676581645
1,4,63676581687
2,6,63676581695
2,6,63676581695
1,2,63676581742
1,4,63676581747
1,6,63676581755
2,6,63676581755
1,2,63676581802
1,4,63676581807
2,1,63676581825
1,2,63676581862
1,3,63676581863
1,2,63676581922
1,3,63676581923
1,3,63676581923
1,6,63676581935
1,1,63676581945
1,1,63676581945
1,2,63676581982
1,2,63676581982
1,3,63676581983
1,6,63676581995
1,5,63676582020
1,2,63676582042
2,4,63676582047
2,1,63676582065
1,2,63676582102
1,1,63676582125
1,4,63676582167
1,2,63676582222
1,1,63676582245
2,4,63676582287
1,4,63676582287
1,6,63676582295
1,6,63676582295
1,1,63676582305
1,2,63676582342
1,2,63676582402
1,4,63676582407
2,6,63676582415
1,1,63676582425
1,1,63676582425
1,2,63676582462
1,2,63676582462
1,1,63676582485
2,6,63676582535
1,1,63676582545
1,2,63676582582
2,6,63676582595
2,4,63676582767
1,6,63676582775
1,6,63676582835
1,6,63676582895
1,1,63676582905
1,2,63676582942
1,1,63676582965
1,6,63676583015
1,5,63676583040
1,3,63676583063
1,4,63676583067
1,6,63676583075
1,1,63676583085
1,5,63676583100
1,3,63676583123
2,4,63676583127
1,1,63676583145
2,2,63676583182
1,3,63676583183
1,4,63676583187
1,6,63676583195
3,1,63676583265
2,6,63676583315
2,6,63676583374
1,4,63676583427
2,6,63676583734
1,1,63676583745
1,5,63676583760
1,2,63676583782
1,4,63676583787
3,4,63676583787
2,3,63676583843
1,4,63676583847
1,6,63676583854
1,6,63676583974
1,1,63676583985
1,2,63676584022
1,2,63676584201
1,4,63676584207
1,6,63676584214
1,1,63676584225
2,2,63676584261
1,3,63676584263
1,4,63676584267
1,1,63676584285
1,5,63676584300
1,6,63676584334
2,6,63676584334
1,2,63676584381
7,3,63676584383
1,4,63676584387
1,1,63676584405
1,2,63676584441
1,6,63676584454
1,6,63676584514
1,4,63676584567
1,6,63676584574
1,4,63676584627
1,5,63676584660
3,5,63676584660
1,2,63676584681
2,6,63676584694
1,1,63676584705
1,1,63676584705
2,2,63676584741
1,4,63676584747
1,4,63676584747
1,1,63676584765
5,2,63676584801
2,4,63676584807
2,2,63676584921
1,4,63676584927
2,1,63676584945
1,1,63676584945
1,6,63676584994
1,1,63676585065
1,2,63676585101
4,6,63676585114
1,1,63676585125
1,4,63676585167
1,2,63676585221
1,1,63676585245
1,3,63676585283
1,6,63676585294
1,1,63676585305
1,5,63676585319
1,2,63676585341
1,3,63676585343
2,1,63676585364
2,2,63676585401
1,6,63676585414
1,1,63676585424
1,5,63676585439
1,4,63676585467
1,5,63676585559
1,4,63676585587
1,6,63676585594
1,1,63676585604
1,2,63676585641
1,3,63676585643
1,6,63676585654
1,1,63676585664
1,2,63676585701
1,4,63676585707
3,6,63676585714
1,1,63676585724
3,1,63676585724
1,2,63676585761
1,4,63676585767
2,1,63676585784
2,1,63676585784
1,5,63676585799
1,2,63676585821
6,1,63676585844
1,3,63676585883
1,2,63676585941
1,1,63676585964
1,2,63676586001
1,6,63676586014
1,1,63676586024
1,1,63676586024
1,2,63676586061
1,2,63676586061
1,4,63676586067
1,4,63676586067
1,6,63676586074
1,1,63676586084
4,4,63676586127
1,6,63676586134
1,6,63676586134
1,3,63676586183
1,4,63676586187
1,4,63676586187
1,1,63676586204
1,1,63676586264
1,6,63676586314
1,5,63676586339
2,2,63676586361
1,3,63676586363
1,4,63676586367
1,4,63676586367
1,4,63676586427
2,6,63676586434
1,6,63676586434
1,5,63676586459
1,2,63676586481
2,4,63676586487
1,6,63676586494
2,2,63676586541
1,3,63676586543
2,1,63676586564
5,2,63676586601
5,4,63676586607
1,6,63676586614
1,5,63676586639
4,6,63676586674
1,6,63676586674
1,1,63676586684
1,6,63676586734
1,6,63676586734
1,1,63676586744
1,2,63676586781
1,4,63676586787
1,5,63676586819
1,2,63676586841
1,3,63676586843
1,6,63676586854
1,1,63676586864
2,2,63676586901
1,4,63676586907
1,1,63676586924
1,6,63676586974
1,1,63676587044
1,3,63676587083
2,4,63676587087
1,6,63676587094
1,1,63676587104
1,6,63676587154
1,6,63676587154
1,3,63676587203
1,6,63676587214
2,1,63676587224
1,3,63676587263
4,1,63676587284
1,1,63676587404
1,2,63676587441
1,1,63676587464
1,1,63676587524
1,1,63676587524
1,6,63676587574
1,1,63676587584
1,1,63676587644
1,6,63676587694
2,6,63676587754
1,1,63676587764
3,2,63676587801
1,1,63676587824
3,1,63676587824
1,2,63676587861
1,3,63676587862
1,1,63676587884
1,1,63676587884
1,2,63676587921
1,6,63676587934
1,1,63676587944
2,1,63676587944
1,2,63676587981
2,1,63676588004
1,1,63676588004
1,2,63676588041
1,6,63676588054
1,1,63676588064
1,2,63676588101
2,1,63676588124
1,2,63676588161
2,4,63676588167
1,6,63676588174
1,1,63676588184
1,5,63676588199
1,5,63676588199
3,2,63676588221
2,2,63676588221
1,3,63676588222
2,3,63676588222
1,6,63676588234
2,1,63676588244
1,5,63676588259
2,4,63676588287
1,6,63676588354
1,1,63676588364
1,5,63676588379
1,2,63676588401
1,3,63676588402
2,5,63676588439
1,3,63676588462
1,6,63676588474
1,5,63676588499
1,4,63676588527
2,5,63676588559
1,2,63676588761
2,6,63676588774
1,1,63676588784
1,2,63676588821
2,4,63676588827
1,5,63676588859
1,4,63676588887
1,6,63676588894
1,1,63676588904
1,2,63676588941
2,4,63676588947
1,1,63676589024
1,5,63676589039
1,2,63676589061
1,6,63676589074
1,1,63676589144
3,1,63676589144
1,2,63676589181
3,2,63676589181
1,6,63676589194
2,1,63676589204
3,1,63676589204
1,2,63676589241
4,2,63676589241
1,3,63676589242
2,4,63676589246
4,1,63676589264
1,5,63676589279
1,2,63676589301
1,2,63676589301
1,4,63676589306
2,1,63676589324
1,3,63676589362
1,4,63676589366
1,6,63676589374
2,1,63676589384
2,2,63676589421
4,4,63676589427
1,6,63676589434
1,1,63676589444
1,1,63676589444
2,2,63676589481
2,3,63676589482
1,4,63676589487
2,4,63676589487
1,6,63676589494
1,1,63676589504
2,1,63676589504
1,2,63676589541
2,2,63676589541
1,6,63676589554
1,1,63676589564
1,5,63676589579
1,2,63676589601
1,3,63676589602
1,5,63676589639
1,2,63676589661
1,2,63676589661
1,4,63676589667
1,6,63676589674
1,1,63676589684
2,1,63676589684
2,5,63676589699
1,2,63676589721
1,6,63676589734
9,6,63676589734
1,3,63676589782
1,6,63676589794
1,2,63676589841
1,3,63676589842
1,6,63676589854
1,5,63676589879
1,4,63676589907
1,6,63676589914
2,1,63676589924
1,2,63676589961
1,3,63676589962
1,4,63676589966
2,6,63676589974
1,3,63676590022
2,1,63676590044
1,2,63676590081
1,1,63676590104
1,1,63676590164
1,6,63676590213
1,1,63676590284
1,3,63676590322
1,1,63676590404
1,5,63676590479
1,4,63676590566
3,6,63676590573
1,1,63676590584
1,1,63676590644
1,2,63676590681
1,1,63676590704
2,4,63676590746
1,1,63676590764
1,1,63676590824
1,1,63676590824
1,2,63676590861
1,4,63676590866
1,6,63676590873
1,6,63676590873
1,1,63676590884
2,4,63676590926
4,6,63676590933
1,1,63676590944
1,2,63676590981
2,6,63676590993
1,6,63676590993
1,3,63676591042
2,1,63676591064
1,5,63676591079
1,2,63676591101
4,6,63676591113
1,1,63676591124
1,1,63676591124
1,5,63676591139
1,2,63676591161
1,3,63676591162
1,3,63676591162
1,4,63676591166
4,6,63676591173
2,1,63676591184
1,5,63676591199
1,2,63676591221
1,4,63676591226
1,1,63676591244
1,1,63676591244
1,4,63676591286
1,6,63676591293
1,6,63676591353
1,6,63676591353
1,1,63676591364
1,5,63676591379
1,2,63676591401
1,3,63676591402
1,4,63676591406
1,4,63676591406
1,6,63676591413
1,4,63676591526
1,6,63676591533
1,1,63676591544
2,2,63676591581
1,3,63676591582
1,3,63676591582
1,1,63676591604
1,6,63676591653
2,1,63676591664
1,6,63676591713
1,6,63676591713
1,5,63676591739
1,3,63676591762
1,4,63676591766
2,6,63676591773
1,4,63676591826
1,1,63676591844
1,5,63676591859
1,3,63676591882
1,4,63676591886
1,6,63676591893
2,6,63676592013
2,6,63676592073
1,4,63676592126
1,6,63676592133
1,1,63676592144
1,2,63676592181
1,2,63676592181
1,6,63676592193
2,6,63676592193
1,3,63676592302
1,6,63676592313
1,1,63676592324
1,6,63676592373
2,6,63676592433
1,2,63676592541
1,4,63676592546
1,1,63676592564
1,4,63676592606
1,6,63676592613
2,1,63676592624
1,6,63676592733
1,5,63676592759
1,4,63676592786
1,4,63676592786
1,6,63676592793
2,1,63676592804
1,1,63676592804
1,2,63676592841
3,6,63676592853
1,1,63676592864
1,1,63676592864
1,2,63676592901
2,2,63676592901
1,3,63676592902
2,4,63676592906
2,6,63676592913
1,1,63676592924
1,1,63676592924
1,2,63676592961
1,3,63676592962
1,4,63676592966
1,6,63676592973
1,5,63676592999
1,2,63676593021
1,4,63676593026
1,6,63676593033
1,1,63676593044
1,2,63676593080
1,6,63676593093
1,2,63676593140
1,3,63676593142
1,1,63676593164
1,2,63676593201
2,2,63676593201
1,4,63676593206
5,1,63676593224
1,1,63676593224
1,5,63676593238
1,2,63676593260
1,3,63676593262
1,3,63676593262
1,1,63676593284
1,5,63676593298
1,4,63676593326
1,1,63676593344
2,1,63676593404
1,2,63676593500
1,6,63676593513
1,1,63676593524
1,4,63676593566
1,5,63676593598
1,2,63676593620
1,2,63676593620
1,3,63676593622
1,3,63676593622
1,1,63676593644
1,2,63676593680
1,1,63676593704
1,3,63676593742
1,6,63676593753
1,6,63676593753
1,5,63676593778
1,3,63676593802
1,3,63676593802
1,5,63676593838
1,5,63676593838
1,2,63676593860
1,3,63676593862
2,5,63676593898
1,5,63676593958
1,3,63676593982
1,6,63676593993
1,1,63676594004
1,5,63676594018
1,2,63676594040
2,4,63676594046
1,1,63676594064
1,2,63676594100
1,3,63676594102
1,1,63676594124
1,5,63676594138
1,2,63676594160
1,4,63676594166
1,6,63676594173
1,4,63676594226
1,3,63676594282
1,6,63676594293
2,6,63676594293
1,5,63676594318
1,4,63676594346
1,6,63676594353
1,6,63676594353
1,6,63676594413
1,5,63676594438
1,2,63676594460
1,4,63676594466
1,6,63676594473
1,1,63676594484
1,3,63676594522
2,6,63676594533
1,1,63676594544
2,3,63676594582
1,5,63676594618
1,2,63676594640
1,4,63676594646
1,6,63676594653
1,1,63676594664
1,2,63676594700
2,3,63676594702
3,1,63676594724
1,5,63676594738
1,1,63676594784
1,6,63676594893
1,1,63676594904
2,6,63676595013
1,5,63676595038
1,5,63676595098
1,5,63676595098
1,3,63676595122
1,6,63676595193
1,1,63676595264
2,2,63676595300
1,2,63676595300
1,1,63676595324
1,2,63676595360
2,1,63676595384
1,5,63676595398
1,2,63676595420
1,2,63676595420
1,1,63676595444
1,2,63676595480
3,2,63676595540
2,1,63676595564
1,6,63676595613
1,3,63676595662
5,4,63676595666
1,6,63676595733
1,4,63676595786
1,4,63676595786
4,5,63676595818
1,1,63676595984
1,4,63676596086
1,2,63676596140
2,6,63676596153
1,1,63676596164
1,4,63676596206
1,6,63676596213
1,1,63676596224
2,2,63676596260
1,2,63676596260
1,6,63676596273
1,1,63676596284
2,2,63676596380
1,6,63676596393
1,1,63676596404
1,5,63676596418
1,3,63676596441
1,6,63676596453
1,1,63676596464
1,5,63676596478
3,2,63676596500
3,1,63676596524
2,2,63676596560
1,4,63676596566
1,6,63676596573
2,1,63676596584
1,5,63676596598
1,5,63676596598
1,2,63676596620
1,3,63676596621
1,6,63676596633
1,1,63676596644
4,1,63676596764
1,5,63676596778
1,3,63676596801
1,1,63676596824
2,2,63676596860
1,6,63676596873
1,2,63676596920
1,3,63676596921
3,4,63676596926
2,6,63676596933
1,6,63676596933
1,1,63676596944
1,1,63676596944
1,2,63676596980
1,4,63676596986
1,6,63676596993
2,1,63676597004
1,1,63676597004
1,4,63676597046
1,4,63676597106
1,1,63676597124
1,2,63676597160
2,2,63676597220
1,2,63676597220
1,3,63676597221
1,6,63676597293
1,3,63676597401
3,4,63676597586
2,6,63676597593
1,5,63676597618
4,3,63676597641
1,4,63676597646
1,6,63676597652
2,2,63676597700
1,6,63676597712
1,6,63676597712
3,1,63676597724
1,2,63676597820
1,6,63676597832
1,2,63676597880
1,3,63676597881
1,6,63676597892
1,6,63676598012
1,1,63676598204
2,4,63676598246
3,2,63676598360
1,3,63676598361
1,1,63676598383
2,5,63676598518
1,4,63676598546
1,2,63676598600
1,2,63676598660
1,4,63676598666
3,6,63676598672
1,5,63676598698
1,3,63676598721
2,4,63676598726
1,2,63676598780
1,1,63676598803
2,4,63676598846
1,6,63676598912
1,1,63676598923
1,4,63676599086
1,3,63676599201
1,1,63676599223
2,2,63676599260
2,1,63676599283
1,2,63676599320
1,2,63676599320
1,4,63676599326
1,6,63676599332
1,1,63676599343
2,1,63676599343
1,5,63676599358
1,4,63676599386
1,6,63676599392
1,1,63676599403
1,1,63676599583
1,1,63676599763
1,6,63676599812
2,2,63676599920
3,1,63676599943
1,2,63676599980
1,3,63676599981
1,4,63676599985
1,6,63676599992
1,1,63676600003
2,2,63676600040
1,1,63676600063
1,2,63676600100
1,3,63676600101
2,2,63676600160
1,3,63676600161
1,1,63676600183
1,1,63676600183
2,5,63676600198
1,1,63676600243
1,1,63676600243
1,2,63676600340
1,1,63676600423
1,6,63676600532
2,1,63676600543
1,6,63676600592
1,1,63676600603
1,5,63676600617
1,2,63676600640
1,4,63676600645
1,1,63676600663
1,1,63676600663
1,1,63676600783
1,1,63676601143
1,4,63676601305
1,6,63676601312
1,1,63676601383
1,2,63676601420
2,6,63676601432
1,2,63676601480
1,4,63676601485
1,1,63676601503
1,5,63676601517
1,3,63676601541
1,1,63676601563
1,2,63676601600
1,5,63676601637
1,2,63676601660
1,3,63676601661
1,1,63676601683
1,3,63676601781
1,1,63676601803
1,5,63676601817
1,2,63676601840
1,4,63676601845
2,1,63676601863
2,2,63676602139
2,1,63676602163
1,5,63676602177
1,3,63676602201
1,4,63676602385
1,1,63676602403
1,1,63676602463
1,2,63676602499
1,2,63676602619
1,1,63676602643
1,1,63676602643
1,4,63676602685
1,6,63676602752
1,1,63676602763
1,3,63676602801
1,5,63676602837
2,2,63676602979
1,4,63676602985
1,1,63676603003
2,1,63676603003
1,2,63676603039
2,4,63676603045
1,2,63676603099
1,3,63676603101
1,4,63676603105
1,4,63676603105
1,4,63676603165
1,6,63676603172
1,2,63676603219
1,1,63676603243
1,6,63676603292
1,1,63676603303
1,2,63676603519
1,1,63676603543
1,4,63676603585
1,6,63676603592
1,5,63676603617
1,3,63676603641
1,2,63676603699
1,1,63676603723
1,4,63676603765
1,5,63676603857
1,2,63676603879
1,2,63676603939
1,1,63676603963
1,2,63676604119
1,3,63676604121
1,1,63676604143
1,2,63676604239
1,4,63676604245
1,4,63676604305
1,1,63676604383
1,2,63676604419
1,1,63676604443
1,1,63676604623
1,2,63676604659
1,4,63676604665
2,1,63676604683
1,1,63676604983
1,6,63676605031
1,1,63676605163
1,4,63676605325
1,2,63676605379
1,1,63676605403
1,2,63676605619
1,1,63676605643
1,6,63676605691
2,1,63676605703
1,6,63676605751
1,6,63676605811
1,3,63676605920
1,1,63676606183
1,1,63676606303
1,1,63676606363
1,6,63676607071
1,6,63676607311
1,5,63676607397
1,2,63676607419
1,4,63676607425
1,2,63676607539
1,4,63676607545
1,1,63676607563
1,1,63676607683
1,1,63676608223
1,1,63676608582
1,4,63676609044
1,2,63676609099
1,1,63676609122
1,2,63676609519
1,3,63676609820
1,6,63676609951
1,3,63676610300
1,1,63676610322
1,2,63676610358
1,4,63676612584
1,2,63676612638
1,1,63676612662
1,6,63676612950
1,1,63676615662
1,2,63676615818
1,2,63676615878
1,1,63676615902
1,1,63676617941
1,2,63676620557
1,1,63676620581
1,1,63676621481
1,2,63676621637
1,3,63676621938
1,5,63676622574
1,5,63676622754
1,2,63676622777
1,3,63676622778
1,1,63676622801
1,6,63676623809
1,6,63676624169
1,6,63676635807
1,3,63676635917
1,2,63676635975
1,1,63676636420
1,6,63676655904
1,6,63676656384
1,6,63676656684
1,4,63676657279
1,6,63676657464
1,1,63676657477
1,2,63676657573
1,4,63676657579
1,6,63676657584
1,6,63676657644
1,1,63676658857
1,1,63676658977
1,6,63676659143
1,6,63676659383
1,1,63676659757
1,6,63676659863
1,5,63676659889
1,5,63676659949
1,5,63676660069
2,6,63676660103
1,4,63676660158
1,4,63676660278
1,1,63676660297
1,2,63676660332
1,6,63676660343
1,4,63676660398
1,4,63676660518
1,6,63676660583
1,1,63676660597
1,2,63676660632
1,3,63676660634
1,1,63676660657
1,5,63676660669
1,2,63676660692
2,1,63676660777
1,2,63676660812
1,5,63676660849
1,4,63676660998
1,6,63676661183
1,1,63676661197
1,2,63676661232
1,1,63676661257
3,4,63676661298
1,1,63676661377
1,2,63676661412
3,1,63676661437
3,2,63676661472
1,1,63676661497
2,3,63676661534
1,5,63676661569
1,6,63676661663
1,1,63676661737
1,1,63676661797
1,2,63676661892
1,6,63676661903
1,6,63676661963
2,6,63676661963
1,1,63676661977
1,2,63676662012
1,4,63676662018
1,6,63676662023
1,1,63676662037
1,6,63676662083
1,1,63676662097
1,4,63676662138
1,6,63676662263
2,4,63676662318
1,4,63676662378
1,6,63676662443
1,1,63676662517
1,2,63676662552
1,3,63676662553
1,4,63676662558
1,6,63676662563
1,2,63676662612
1,4,63676662618
2,4,63676662678
1,6,63676662683
1,1,63676662697
1,1,63676662757
1,2,63676662852
1,5,63676662889
1,3,63676662913
1,1,63676662937
1,2,63676663032
1,4,63676663038
1,4,63676663158
1,6,63676663163
1,6,63676663163
1,4,63676663278
1,4,63676663278
1,6,63676663343
1,2,63676663452
1,3,63676663453
1,5,63676663489
1,6,63676663703
1,4,63676663758
2,6,63676663823
1,2,63676663872
1,2,63676663872
2,1,63676663897
1,2,63676663932
1,3,63676663933
1,1,63676663957
1,5,63676663969
1,6,63676664003
1,1,63676664017
1,2,63676664112
2,2,63676664172
1,1,63676664197
1,1,63676664197
1,1,63676664317
1,2,63676664412
1,6,63676664423
1,3,63676664473
1,4,63676664478
1,1,63676664497
1,1,63676664497
1,3,63676664533
1,4,63676664538
1,2,63676664592
1,4,63676664598
1,5,63676664629
1,5,63676664629
1,4,63676664658
1,4,63676664718
1,1,63676664737
1,2,63676664772
1,2,63676664772
1,1,63676664797
1,3,63676664833
1,2,63676664892
1,2,63676664952
1,5,63676664989
1,3,63676665013
1,6,63676665083
1,4,63676665138
1,6,63676665143
1,1,63676665157
1,6,63676665203
1,1,63676665217
1,5,63676665229
1,3,63676665253
1,6,63676665263
1,1,63676665277
2,4,63676665318
1,2,63676665372
1,6,63676665442
1,1,63676665456
1,6,63676665502
1,2,63676665552
2,1,63676665576
1,2,63676665612
1,6,63676665622
1,2,63676665672
1,2,63676665732
1,1,63676665756
1,3,63676665793
1,4,63676665798
1,6,63676665802
2,5,63676665829
1,1,63676665876
1,6,63676665922
1,2,63676666092
1,6,63676666102
1,1,63676666116
1,5,63676666128
1,2,63676666152
1,3,63676666153
1,4,63676666158
1,6,63676666162
1,2,63676666212
1,1,63676666236
1,2,63676666272
1,2,63676666272
1,4,63676666278
1,1,63676666296
1,5,63676666308
1,6,63676666342
2,1,63676666356
1,2,63676666392
1,2,63676666392
1,4,63676666398
1,1,63676666416
1,2,63676666452
1,4,63676666578
1,6,63676666582
3,5,63676666608
1,6,63676666642
1,6,63676666642
1,5,63676666668
1,3,63676666693
1,2,63676666752
1,6,63676666762
1,6,63676666822
1,6,63676666942
1,2,63676666992
1,6,63676667002
1,4,63676667118
1,1,63676667136
3,4,63676667178
1,6,63676667182
1,5,63676667208
1,4,63676667238
2,6,63676667242
1,5,63676667268
1,2,63676667291
1,3,63676667293
1,4,63676667298
1,1,63676667316
2,2,63676667351
2,2,63676667351
1,4,63676667358
1,6,63676667362
1,1,63676667376
1,3,63676667413
2,6,63676667422
1,1,63676667436
2,1,63676667436
1,5,63676667448
3,3,63676667473
1,2,63676667651
1,1,63676667676
1,6,63676667722
1,6,63676667722
2,1,63676667736
1,2,63676667771
1,2,63676667771
2,4,63676667778
2,1,63676667796
1,5,63676667808
1,2,63676667831
1,3,63676667833
1,6,63676667842
1,2,63676667891
1,1,63676667916
1,1,63676667976
1,2,63676668011
1,6,63676668082
1,2,63676668131
1,1,63676668156
1,2,63676668191
1,6,63676668202
2,1,63676668216
2,6,63676668262
2,1,63676668276
1,2,63676668311
1,2,63676668311
1,1,63676668336
1,5,63676668348
1,3,63676668373
1,6,63676668382
1,6,63676668442
1,2,63676668491
1,6,63676668502
3,1,63676668516
1,4,63676668557
1,6,63676668562
1,1,63676668576
1,2,63676668611
1,4,63676668617
1,1,63676668636
2,2,63676668671
1,2,63676668731
1,1,63676668756
2,1,63676668816
2,1,63676668816
1,2,63676668851
2,3,63676668853
1,6,63676668862
2,6,63676668862
1,2,63676668911
1,4,63676668917
1,1,63676668936
1,1,63676668936
1,5,63676668948
3,2,63676668971
1,4,63676668977
3,6,63676668982
1,1,63676668996
2,1,63676668996
1,2,63676669031
1,4,63676669037
1,5,63676669188
1,1,63676669236
1,1,63676669236
1,2,63676669271
1,1,63676669296
1,2,63676669331
1,2,63676669331
1,1,63676669356
1,1,63676669356
1,1,63676669416
1,5,63676669428
1,3,63676669453
1,6,63676669462
2,2,63676669511
1,2,63676669571
2,3,63676669573
1,4,63676669577
2,1,63676669596
2,2,63676669631
1,4,63676669637
1,6,63676669642
1,6,63676669642
3,1,63676669656
1,2,63676669691
1,6,63676669702
1,1,63676669716
1,2,63676669751
1,1,63676669776
1,1,63676669776
1,5,63676669788
1,6,63676669822
2,1,63676669896
1,6,63676669942
1,1,63676669956
1,5,63676669968
4,2,63676669991
3,4,63676669997
1,1,63676670016
1,3,63676670053
1,1,63676670076
1,2,63676670111
1,4,63676670117
2,6,63676670122
1,1,63676670196
2,6,63676670242
1,1,63676670256
2,3,63676670352
1,4,63676670357
1,6,63676670362
1,3,63676670412
1,6,63676670422
1,5,63676670448
1,4,63676670537
3,6,63676670542
1,1,63676670556
1,5,63676670568
1,2,63676670591
2,1,63676670616
3,5,63676670628
1,2,63676670651
1,3,63676670652
1,1,63676670676
1,1,63676670676
2,5,63676670688
2,5,63676670748
1,4,63676670777
1,6,63676670782
1,2,63676670831
1,1,63676670856
1,3,63676670892
1,3,63676670892
1,4,63676670897
1,5,63676670928
2,2,63676670951
2,4,63676670957
2,1,63676670976
3,1,63676670976
1,5,63676671048
1,4,63676671077
1,1,63676671096
1,4,63676671137
1,1,63676671156
1,6,63676671202
2,1,63676671216
2,2,63676671251
3,3,63676671252
2,4,63676671257
1,1,63676671276
1,2,63676671311
2,6,63676671322
1,3,63676671372
3,5,63676671408
1,4,63676671437
1,2,63676671491
1,4,63676671497
1,6,63676671562
1,1,63676671576
2,1,63676671636
1,2,63676671671
1,4,63676671677
1,1,63676671696
1,1,63676671696
1,6,63676671742
1,4,63676671797
2,4,63676671797
1,4,63676671857
2,4,63676671857
1,1,63676671876
2,1,63676671876
2,2,63676671911
2,4,63676671917
1,6,63676671922
2,4,63676671977
1,4,63676671977
2,1,63676671996
1,1,63676671996
1,5,63676672008
1,2,63676672031
1,2,63676672031
1,6,63676672042
1,1,63676672056
1,2,63676672091
2,1,63676672116
1,5,63676672128
1,2,63676672151
1,6,63676672162
1,1,63676672176
2,1,63676672176
1,5,63676672188
1,5,63676672188
1,3,63676672212
1,1,63676672236
1,3,63676672272
2,6,63676672282
1,1,63676672296
1,1,63676672296
1,2,63676672331
1,1,63676672356
1,2,63676672391
1,4,63676672397
1,3,63676672452
2,1,63676672476
1,2,63676672511
1,3,63676672512
1,6,63676672522
2,3,63676672572
1,3,63676672632
1,1,63676672656
1,2,63676672691
1,2,63676672691
1,3,63676672752
1,1,63676672776
1,5,63676672788
2,2,63676672811
1,4,63676672817
1,1,63676672836
1,2,63676672871
1,2,63676672871
1,4,63676672877
2,6,63676672882
1,1,63676672896
1,1,63676672896
1,3,63676672932
2,4,63676672937
1,6,63676672942
2,1,63676672956
1,1,63676672956
1,2,63676673051
1,2,63676673051
1,2,63676673111
2,1,63676673136
2,5,63676673148
1,1,63676673316
1,1,63676673316
2,3,63676673352
1,4,63676673357
1,1,63676673376
1,1,63676673436
2,2,63676673471
2,4,63676673477
1,1,63676673496
2,1,63676673496
2,1,63676673556
2,1,63676673616
3,2,63676673651
1,1,63676673676
1,2,63676673771
1,4,63676673777
1,4,63676673837
1,6,63676673842
4,1,63676673856
1,6,63676673902
1,1,63676673916
1,5,63676673927
1,3,63676673952
1,4,63676673957
2,6,63676673962
1,2,63676674011
2,6,63676674022
1,1,63676674036
1,1,63676674036
1,5,63676674047
1,1,63676674156
1,6,63676674202
1,6,63676674262
1,6,63676674322
1,1,63676674336
1,2,63676674371
2,2,63676674431
1,4,63676674437
1,1,63676674456
1,2,63676674491
1,3,63676674552
1,4,63676674557
1,6,63676674562
1,6,63676674562
1,1,63676674576
1,2,63676674611
1,2,63676674611
1,4,63676674617
2,1,63676674636
1,4,63676674677
1,1,63676674696
2,1,63676674696
1,2,63676674731
2,2,63676674791
1,4,63676674797
1,4,63676674797
2,1,63676674816
3,1,63676674816
1,2,63676674851
1,6,63676674862
1,6,63676674862
1,1,63676674876
2,2,63676674911
1,4,63676674917
1,6,63676674922
1,5,63676674947
2,6,63676674982
1,3,63676675032
1,6,63676675042
1,6,63676675042
1,1,63676675056
1,1,63676675056
1,2,63676675151
2,6,63676675162
1,1,63676675176
2,2,63676675211
2,4,63676675217
4,1,63676675236
1,5,63676675247
2,2,63676675271
1,3,63676675272
1,6,63676675282
2,1,63676675296
1,1,63676675296
1,2,63676675331
1,4,63676675337
1,2,63676675390
1,6,63676675402
1,1,63676675416
1,1,63676675416
1,2,63676675450
2,1,63676675476
1,2,63676675510
1,3,63676675512
1,4,63676675517
1,1,63676675536
1,2,63676675570
1,1,63676675596
1,1,63676675596
1,5,63676675607
2,2,63676675630
1,2,63676675630
1,4,63676675637
4,1,63676675656
2,1,63676675656
2,2,63676675690
5,2,63676675690
1,1,63676675716
4,1,63676675716
2,2,63676675750
1,3,63676675752
1,1,63676675776
1,4,63676675817
3,6,63676675822
1,5,63676675847
1,4,63676675877
2,6,63676675882
1,1,63676675896
1,5,63676675907
1,3,63676675932
3,3,63676675932
1,1,63676675956
1,5,63676675967
2,2,63676675990
3,1,63676676016
1,3,63676676112
1,6,63676676122
1,2,63676676170
1,1,63676676196
3,1,63676676196
1,5,63676676207
1,3,63676676232
1,1,63676676256
2,2,63676676290
1,4,63676676297
1,1,63676676316
2,1,63676676316
3,5,63676676327
2,2,63676676350
1,1,63676676376
2,1,63676676376
1,5,63676676387
1,2,63676676410
2,2,63676676410
2,3,63676676412
3,1,63676676436
2,4,63676676477
1,1,63676676556
1,1,63676676556
2,2,63676676590
2,2,63676676590
2,1,63676676616
1,4,63676676657
4,6,63676676662
1,1,63676676676
1,4,63676676717
1,6,63676676722
2,3,63676676772
1,4,63676676777
1,1,63676676796
2,2,63676676830
1,1,63676676856
1,6,63676676902
1,6,63676676962
1,6,63676676962
1,4,63676677017
2,1,63676677036
1,1,63676677096
1,1,63676677096
4,2,63676677130
1,3,63676677132
3,4,63676677137
1,6,63676677142
1,5,63676677167
1,6,63676677202
1,5,63676677227
1,5,63676677227
1,4,63676677257
1,6,63676677262
1,6,63676677262
1,2,63676677310
1,4,63676677317
1,1,63676677336
2,1,63676677336
1,5,63676677347
1,2,63676677370
1,2,63676677370
1,3,63676677372
1,4,63676677377
1,1,63676677456
1,1,63676677516
3,1,63676677576
1,1,63676677636
3,1,63676677696
2,2,63676677730
1,2,63676677730
1,1,63676677756
1,2,63676677790
1,3,63676677792
1,1,63676677816
1,1,63676677876
1,2,63676677910
1,5,63676678007
1,1,63676678056
1,2,63676678090
1,3,63676678092
1,6,63676678102
1,1,63676678116
1,1,63676678116
1,2,63676678150
1,4,63676678156
1,1,63676678176
1,2,63676678210
2,2,63676678210
1,2,63676678270
1,1,63676678296
1,2,63676678390
1,6,63676678401
3,6,63676678401
2,2,63676678450
1,1,63676678476
1,2,63676678510
1,4,63676678576
2,6,63676678581
1,3,63676678691
1,6,63676678701
1,6,63676678761
2,1,63676678776
1,2,63676678810
1,1,63676678836
1,6,63676678881
1,1,63676678896
2,2,63676678930
1,3,63676678931
1,4,63676678936
1,2,63676678990
1,3,63676678991
1,1,63676679016
1,1,63676679016
1,2,63676679050
1,5,63676679087
1,1,63676679136
1,1,63676679136
1,2,63676679170
3,6,63676679181
1,1,63676679196
1,5,63676679207
2,2,63676679230
1,6,63676679241
1,2,63676679290
1,3,63676679291
1,4,63676679296
2,4,63676679296
1,6,63676679301
3,1,63676679316
2,2,63676679350
1,1,63676679376
1,2,63676679410
1,4,63676679416
1,6,63676679421
2,2,63676679470
1,6,63676679481
1,2,63676679530
2,4,63676679536
1,1,63676679556
2,1,63676679556
1,2,63676679590
1,6,63676679601
1,2,63676679650
1,4,63676679656
1,4,63676679656
1,6,63676679661
1,1,63676679676
2,2,63676679710
1,3,63676679711
1,4,63676679716
1,2,63676679770
1,4,63676679776
1,3,63676679891
1,6,63676679961
2,2,63676680010
1,6,63676680021
2,2,63676680070
2,3,63676680071
2,1,63676680096
3,1,63676680096
2,2,63676680130
1,3,63676680131
1,3,63676680131
1,1,63676680156
1,3,63676680251
1,3,63676680251
1,6,63676680261
2,6,63676680321
1,6,63676680321
1,1,63676680336
1,1,63676680336
3,1,63676680396
1,1,63676680456
2,4,63676680496
1,6,63676680501
1,3,63676680551
1,4,63676680556
1,6,63676680561
1,5,63676680587
2,2,63676680610
1,6,63676680621
1,6,63676680621
1,1,63676680636
2,1,63676680636
2,2,63676680670
1,4,63676680676
1,4,63676680676
3,2,63676680730
1,4,63676680736
4,1,63676680756
2,2,63676680790
1,1,63676680816
1,5,63676680827
1,3,63676680911
1,5,63676680947
1,6,63676680981
1,1,63676680996
2,6,63676681041
1,5,63676681067
1,6,63676681101
1,1,63676681116
1,5,63676681127
1,6,63676681161
1,6,63676681161
1,1,63676681176
1,5,63676681186
2,3,63676681211
1,1,63676681296
2,1,63676681356
2,1,63676681356
2,2,63676681390
13,6,63676681401
1,1,63676681416
1,2,63676681450
1,2,63676681450
1,1,63676681476
1,3,63676681511
1,6,63676681521
1,5,63676681546
1,2,63676681570
1,6,63676681641
1,5,63676681726
1,6,63676681761
1,1,63676681776
1,5,63676681787
1,2,63676681810
1,3,63676681811
2,4,63676681816
1,6,63676681821
2,6,63676681821
1,5,63676681847
1,2,63676681870
2,4,63676681876
2,1,63676681896
1,5,63676681906
1,2,63676681930
4,6,63676681941
2,2,63676681990
1,3,63676681991
1,4,63676681996
1,1,63676682016
1,2,63676682050
1,1,63676682075
1,2,63676682110
8,3,63676682111
1,6,63676682121
1,1,63676682135
4,3,63676682171
1,1,63676682255
1,5,63676682266
2,2,63676682290
2,4,63676682356
1,6,63676682361
4,4,63676682416
1,6,63676682421
1,6,63676682421
1,1,63676682435
1,2,63676682470
2,6,63676682481
1,1,63676682495
2,2,63676682530
1,4,63676682536
1,6,63676682541
1,6,63676682541
1,1,63676682555
1,4,63676682596
1,6,63676682601
1,6,63676682601
1,1,63676682615
10,2,63676682650
1,6,63676682661
1,6,63676682661
1,1,63676682675
1,6,63676682721
1,6,63676682721
1,2,63676682770
1,4,63676682776
1,1,63676682795
1,1,63676682795
1,4,63676682836
1,1,63676682855
2,2,63676682890
2,3,63676682891
2,6,63676682901
1,6,63676682901
1,1,63676682915
1,2,63676682950
1,4,63676682956
1,1,63676682976
2,6,63676683021
1,6,63676683081
1,6,63676683081
9,1,63676683095
1,3,63676683131
1,1,63676683155
2,2,63676683190
1,3,63676683191
2,4,63676683196
2,1,63676683215
1,4,63676683256
1,4,63676683316
1,6,63676683321
1,6,63676683381
1,1,63676683395
1,6,63676683441
1,6,63676683561
2,2,63676683610
1,6,63676683621
1,1,63676683635
1,5,63676683646
2,2,63676683670
2,3,63676683671
1,6,63676683681
1,1,63676683695
1,2,63676683730
1,3,63676683731
2,4,63676683736
1,6,63676683741
2,1,63676683755
1,1,63676683755
1,2,63676683790
1,2,63676683790
1,4,63676683796
1,1,63676683815
2,1,63676683815
1,2,63676683850
2,2,63676683850
1,3,63676683851
1,4,63676683856
1,6,63676683861
1,1,63676683875
3,1,63676683875
1,2,63676683910
1,6,63676683921
1,1,63676683935
1,4,63676683976
1,3,63676684091
1,4,63676684096
1,4,63676684216
1,2,63676684270
1,1,63676684295
1,6,63676684341
1,5,63676684366
1,1,63676684415
3,6,63676684461
1,6,63676684521
2,6,63676684581
1,6,63676684581
1,6,63676684641
1,1,63676684655
1,5,63676684666
1,3,63676684691
1,4,63676684696
1,1,63676684715
1,5,63676684726
1,1,63676684775
1,2,63676684930
1,4,63676684936
1,6,63676684941
1,1,63676684955
1,6,63676685001
1,2,63676685109
1,3,63676685111
1,3,63676685111
2,1,63676685135
1,5,63676685146
1,2,63676685229
1,1,63676685255
1,3,63676685291
1,1,63676685315
2,2,63676685349
1,3,63676685351
1,1,63676685375
2,2,63676685409
1,6,63676685420
4,1,63676685435
1,2,63676685469
1,4,63676685476
1,1,63676685495
2,2,63676685589
1,4,63676685596
1,1,63676685615
1,1,63676685675
2,1,63676685675
1,4,63676685776
1,1,63676685795
1,5,63676685806
1,2,63676685829
3,2,63676685829
1,3,63676685831
1,6,63676685840
3,1,63676685855
2,2,63676685889
1,6,63676685900
2,1,63676685915
1,6,63676685960
2,1,63676685975
4,2,63676686009
2,2,63676686009
1,3,63676686011
1,4,63676686016
2,1,63676686035
1,4,63676686076
1,4,63676686196
1,4,63676686196
1,6,63676686200
1,1,63676686215
1,4,63676686256
2,6,63676686260
1,2,63676686309
2,4,63676686316
1,3,63676686431
1,5,63676686466
1,5,63676686466
1,2,63676686489
1,2,63676686489
1,6,63676686500
2,1,63676686515
1,6,63676686560
1,6,63676686560
1,1,63676686635
1,5,63676686646
1,6,63676686680
1,6,63676686680
2,6,63676686800
1,1,63676686815
2,5,63676686826
1,2,63676686909
1,1,63676686935
1,6,63676686980
1,4,63676687035
1,6,63676687040
1,4,63676687095
1,4,63676687095
1,6,63676687100
1,6,63676687220
2,4,63676687275
1,6,63676687280
1,1,63676687295
2,6,63676687340
1,1,63676687475
1,6,63676687580
1,6,63676687700
1,4,63676687755
1,4,63676687995
1,3,63676688050
1,3,63676688111
3,1,63676688135
1,1,63676688135
1,5,63676688146
3,2,63676688169
1,3,63676688230
1,4,63676688235
1,6,63676688360
1,6,63676688420
1,4,63676688475
1,1,63676688495
1,5,63676688506
2,6,63676688600
1,1,63676688615
1,2,63676688649
1,3,63676688650
1,1,63676688675
1,6,63676688720
2,1,63676688735
1,2,63676688769
1,1,63676688795
1,4,63676688895
1,6,63676688900
1,1,63676688915
1,2,63676688949
1,1,63676689035
1,2,63676689129
1,1,63676689215
1,6,63676689320
1,6,63676689380
2,4,63676689435
1,6,63676689440
2,2,63676689489
1,6,63676689500
1,6,63676689620
3,1,63676689635
1,4,63676689675
1,6,63676689680
1,1,63676689695
1,1,63676689695
2,6,63676689860
1,6,63676689860
1,2,63676690029
1,1,63676690055
2,1,63676690235
1,2,63676690269
1,2,63676690389
1,4,63676690395
2,1,63676690415
1,6,63676690460
1,1,63676690475
1,2,63676690509
1,3,63676690510
1,4,63676690515
1,6,63676690520
1,5,63676690845
1,1,63676690955
1,6,63676691360
3,6,63676691360
1,5,63676691385
1,1,63676691435
2,2,63676691469
1,6,63676691480
1,2,63676691529
1,3,63676691530
1,1,63676691555
1,1,63676691615
2,6,63676691839
1,1,63676691855
1,1,63676692035
1,2,63676692069
1,1,63676692095
2,1,63676692155
1,1,63676692215
1,5,63676692225
1,6,63676692379
1,2,63676692609
1,4,63676692615
1,1,63676692634
1,1,63676692754
1,5,63676692765
1,2,63676692789
1,3,63676692790
1,1,63676692814
3,5,63676692825
1,2,63676692909
1,4,63676692915
2,1,63676692934
2,2,63676692969
3,3,63676692970
2,4,63676692975
1,4,63676693035
3,1,63676693054
2,4,63676693095
1,6,63676693099
1,6,63676693099
2,2,63676693388
1,1,63676693414
1,1,63676693534
1,3,63676693630
1,6,63676693699
1,4,63676693755
1,1,63676693834
1,2,63676693928
1,6,63676693999
1,6,63676694059
1,1,63676694194
1,6,63676694719
1,6,63676694839
1,3,63676695009
1,6,63676695139
1,3,63676695189
1,6,63676695199
1,1,63676695214
1,4,63676695374
1,2,63676695488
1,3,63676695849
1,5,63676696005
1,4,63676696094
1,4,63676696154
1,5,63676696365
1,3,63676696389
2,2,63676696448
2,3,63676696449
2,1,63676696474
1,6,63676697779
1,5,63676698044
1,1,63676698814
1,6,63676700418
1,6,63676700658
1,1,63676707933
1,2,63676708087
1,3,63676708268
1,5,63676708483
1,5,63676708723
1,3,63676708748
1,2,63676708807
1,1,63676708833
1,6,63676759778
1,4,63676759807
1,4,63676761427
1,6,63676761458
1,5,63676763584
1,4,63676764336
1,6,63676766138
1,4,63676766555
1,6,63676768417
1,6,63676770097
1,6,63676771297
1,5,63676779482
2,3,63676779508
1,3,63676780888
1,5,63676780982
1,6,63676781135
1,3,63676781248
1,6,63676783055
1,5,63676783322
1,3,63676784668
1,5,63676784701
1,6,63676786655
1,3,63676786767
1,6,63676786895
2,6,63676788094
1,6,63676788394
1,3,63676788987
1,5,63676789021
1,4,63676789173
1,1,63676791413
1,3,63676791567
1,5,63676791600
1,3,63676791867
1,4,63676793792
1,6,63676794034
1,6,63676794154
2,4,63676794272
1,4,63676794332
1,4,63676794452
1,5,63676796220
1,6,63676796433
1,4,63676796492
1,3,63676800566
1,5,63676800599
1,6,63676801173
1,3,63676801346
1,6,63676806812
1,4,63676807111
1,2,63676807343
1,1,63676807491
1,6,63676838067
1,6,63676838127
1,6,63676841007
1,6,63676841067
1,6,63676842986
1,6,63676843166
1,5,63676843673
1,6,63676844666
1,6,63676849765
1,4,63676850066
1,6,63676850125
1,6,63676850305
1,6,63676850665
1,6,63676850965
1,4,63676851205
1,4,63676851325
1,6,63676851745
1,6,63676853185
1,4,63676853245
1,6,63676853245
1,6,63676854414
1,5,63676855821
1,5,63676856241
1,6,63676856394
1,6,63676856454
1,5,63676856720
1,4,63676857985
1,6,63676858253
1,2,63676858337
1,6,63676858613
1,3,63676863138
1,4,63676863684
1,6,63676863712
1,6,63676863772
1,6,63676865572
1,4,63676866084
1,2,63676866136
1,6,63676866172
1,6,63676866292
1,6,63676866412
1,6,63676866652
1,4,63676866684
2,4,63676866744
1,4,63676869623
1,4,63676869863
1,3,63676871237
1,6,63676871451
1,6,63676871691
1,6,63676881470
1,6,63676881650
2,3,63676881736
1,6,63676882670
2,6,63676882970
1,6,63677843719
1,6,63677843839
1,6,63677865316
1,6,63677865556
1,6,63677865616
1,6,63677865676
1,2,63677866016
1,2,63677866076
1,2,63677866196
1,1,63677866214
1,1,63677866994
1,2,63677867036
1,1,63677867414
1,2,63677867456
1,4,63677867700
1,6,63677867716
1,4,63677867820
1,6,63677867895
1,1,63677868014
1,1,63677868134
1,1,63677868254
2,5,63677868279
1,2,63677868416
1,1,63677868494
1,1,63677868554
1,1,63677868854
1,1,63677869094
1,6,63677869095
1,2,63677869136
1,1,63677869154
1,6,63677869155
1,2,63677869196
1,4,63677869200
1,1,63677869394
1,1,63677869454
1,2,63677869496
1,1,63677869514
1,6,63677869515
1,6,63677869695
1,2,63677869736
1,1,63677869814
1,1,63677869874
1,6,63677869875
1,4,63677869920
1,6,63677870235
2,1,63677870294
1,2,63677870336
2,1,63677870354
1,6,63677870355
1,4,63677870400
1,6,63677870475
1,2,63677870516
1,4,63677870520
1,1,63677870534
1,6,63677870535
1,6,63677870655
1,2,63677870696
1,4,63677870759
1,2,63677870816
1,2,63677870876
2,4,63677870879
1,1,63677870894
2,6,63677870895
1,2,63677870936
1,4,63677870939
1,1,63677870954
1,6,63677870955
1,1,63677871014
1,6,63677871015
1,2,63677871056
2,4,63677871059
1,6,63677871135
1,6,63677871195
2,6,63677871255
2,2,63677871296
1,3,63677871297
1,4,63677871299
1,4,63677871299
1,6,63677871315
1,2,63677871356
1,1,63677871374
1,6,63677871375
1,1,63677871434
1,5,63677871458
1,6,63677871495
1,5,63677871518
1,2,63677871536
1,2,63677871536
1,3,63677871537
1,4,63677871539
1,2,63677871596
1,3,63677871597
1,2,63677871656
1,4,63677871659
1,1,63677871674
1,1,63677871674
2,4,63677871719
1,6,63677871795
1,3,63677871837
1,6,63677871915
1,2,63677871956
1,1,63677871974
1,1,63677871974
1,6,63677871975
1,2,63677872016
1,1,63677872034
2,2,63677872076
1,4,63677872079
1,1,63677872094
1,2,63677872136
1,3,63677872137
1,6,63677872275
1,4,63677872319
1,6,63677872335
1,4,63677872379
1,1,63677872514
1,2,63677872616
1,4,63677872619
1,1,63677872633
1,6,63677872695
1,6,63677872935
1,5,63677872958
1,4,63677872979
1,1,63677872993
1,2,63677873036
1,4,63677873039
1,1,63677873053
1,2,63677873096
1,6,63677873175
1,4,63677873219
1,1,63677873293
1,6,63677873355
1,2,63677873456
1,3,63677873457
1,1,63677873473
1,1,63677873533
1,3,63677873577
1,3,63677873637
1,4,63677873639
1,1,63677873653
1,3,63677873757
2,6,63677873775
1,5,63677873858
1,2,63677873875
1,2,63677873875
2,3,63677873877
2,4,63677873879
2,6,63677873895
1,2,63677873935
1,4,63677873939
1,4,63677873939
1,6,63677873955
1,2,63677873995
1,2,63677873995
2,1,63677874013
2,6,63677874015
1,5,63677874038
1,3,63677874057
1,4,63677874059
2,2,63677874115
2,3,63677874117
1,6,63677874135
1,1,63677874193
2,6,63677874195
1,1,63677874253
1,2,63677874355
1,4,63677874359
2,6,63677874375
1,1,63677874433
2,1,63677874433
1,2,63677874475
3,4,63677874479
1,4,63677874479
1,1,63677874493
1,1,63677874493
1,6,63677874495
1,5,63677874518
2,2,63677874535
1,3,63677874536
1,4,63677874539
1,1,63677874553
2,1,63677874553
1,6,63677874555
1,6,63677874555
1,2,63677874595
2,4,63677874599
2,4,63677874599
1,5,63677874638
1,3,63677874656
2,2,63677874656
1,4,63677874659
1,6,63677874675
2,2,63677874715
2,2,63677874715
1,4,63677874719
1,1,63677874733
1,2,63677874835
1,4,63677874899
1,1,63677874913
1,6,63677874915
1,2,63677874955
2,1,63677874973
1,1,63677874973
1,2,63677875015
1,4,63677875019
1,4,63677875079
2,6,63677875095
1,2,63677875135
1,1,63677875153
1,1,63677875213
1,2,63677875375
1,1,63677875453
1,2,63677875615
1,4,63677875679
1,4,63677875739
2,6,63677875754
1,3,63677875796
1,6,63677875934
1,4,63677875979
1,2,63677876035
1,6,63677876114
3,4,63677876159
1,4,63677876159
3,6,63677876174
1,4,63677876219
3,6,63677876234
1,5,63677876258
1,4,63677876279
1,4,63677876339
4,6,63677876354
1,3,63677876396
1,6,63677876414
1,3,63677876456
1,6,63677876474
1,6,63677876474
1,5,63677876498
3,6,63677876534
1,5,63677876558
2,4,63677876579
2,4,63677876639
3,6,63677876654
1,5,63677876738
1,5,63677876798
1,5,63677876798
1,4,63677876819
1,1,63677876833
2,2,63677876875
2,3,63677876876
1,4,63677876879
2,5,63677876918
2,2,63677876935
1,3,63677876936
2,6,63677877014
1,2,63677877235
1,1,63677877282
1,4,63677877539
1,4,63677877539
1,1,63677877582
1,6,63677877614
1,1,63677877762
2,2,63677877775
2,4,63677877779
1,6,63677877794
1,6,63677877794
1,1,63677877822
2,1,63677877822
1,4,63677877839
1,1,63677877882
1,1,63677877882
1,2,63677877895
1,2,63677877895
1,4,63677877959
1,6,63677877974
2,4,63677878019
1,6,63677878034
1,2,63677878075
1,1,63677878122
1,6,63677878274
1,6,63677878334
1,4,63677878379
1,6,63677878454
1,2,63677878495
2,2,63677878555
3,2,63677878615
1,6,63677878634
3,1,63677878662
1,2,63677878675
1,4,63677878679
1,5,63677878777
1,1,63677878902
1,4,63677878979
1,1,63677879022
1,2,63677879035
1,1,63677879082
2,2,63677879095
1,4,63677879099
1,6,63677879114
1,6,63677879114
1,5,63677879137
2,2,63677879155
1,3,63677879156
1,6,63677879174
3,1,63677879202
1,2,63677879215
1,6,63677879234
2,1,63677879262
1,2,63677879275
2,6,63677879354
1,1,63677879382
2,2,63677879395
2,4,63677879398
1,5,63677879497
1,1,63677879502
1,2,63677879515
1,4,63677879518
1,2,63677879575
1,6,63677879774
1,3,63677879816
1,1,63677879862
1,6,63677879894
1,6,63677879954
1,2,63677879995
1,6,63677880014
1,1,63677880162
3,2,63677880175
1,2,63677880235
1,4,63677880238
1,6,63677880254
1,6,63677880254
2,1,63677880282
1,2,63677880295
2,4,63677880298
1,4,63677880298
1,6,63677880314
1,1,63677880342
1,2,63677880355
1,6,63677880374
1,5,63677880397
1,2,63677880415
1,2,63677880415
1,1,63677880462
1,3,63677880476
2,4,63677880478
1,6,63677880494
3,5,63677880517
1,4,63677880538
1,2,63677880595
1,4,63677880598
1,4,63677880598
1,6,63677880614
1,1,63677880642
1,6,63677880674
1,6,63677880674
1,2,63677880715
1,2,63677880715
1,3,63677880716
1,1,63677880762
1,4,63677880778
2,5,63677880817
1,1,63677880822
1,6,63677880854
1,1,63677880882
1,6,63677880974
2,1,63677881002
1,2,63677881075
1,4,63677881078
3,1,63677881122
1,1,63677881122
2,6,63677881154
1,6,63677881154
1,1,63677881182
1,3,63677881196
1,2,63677881255
2,6,63677881334
4,5,63677881357
1,1,63677881362
2,3,63677881376
1,6,63677881394
2,6,63677881394
2,1,63677881422
1,6,63677881454
2,1,63677881482
1,4,63677881498
2,6,63677881514
1,1,63677881542
1,6,63677881574
2,4,63677881618
3,6,63677881634
1,2,63677881675
1,2,63677881675
2,4,63677881678
1,6,63677881694
1,1,63677881722
1,1,63677881722
1,2,63677881735
1,4,63677881738
1,4,63677881738
2,6,63677881754
1,5,63677881777
1,5,63677881777
2,4,63677881798
1,3,63677881856
2,4,63677881858
1,4,63677881858
2,6,63677881874
1,4,63677881918
1,6,63677881934
1,6,63677881934
1,1,63677881962
1,2,63677882034
1,6,63677882054
1,1,63677882082
1,4,63677882098
1,4,63677882098
1,6,63677882114
1,1,63677882202
1,1,63677882202
1,1,63677882261
1,3,63677882276
2,1,63677882321
2,2,63677882334
1,2,63677882334
2,1,63677882381
1,6,63677882414
1,1,63677882441
1,2,63677882454
1,6,63677882474
1,6,63677882474
2,1,63677882501
4,4,63677882518
1,4,63677882518
1,1,63677882561
1,1,63677882561
1,3,63677882636
1,6,63677882654
4,2,63677882694
2,1,63677882741
2,4,63677882758
1,1,63677882801
1,3,63677882816
1,6,63677882833
1,1,63677882861
1,2,63677882874
2,2,63677882874
1,4,63677882878
1,1,63677882921
2,1,63677882921
1,2,63677882934
1,3,63677882936
1,6,63677882953
1,1,63677882981
2,1,63677882981
1,3,63677882996
1,6,63677883013
1,5,63677883037
1,3,63677883056
1,1,63677883101
1,2,63677883114
1,2,63677883114
1,4,63677883118
1,2,63677883174
1,1,63677883221
1,5,63677883277
1,2,63677883354
1,3,63677883355
1,4,63677883358
2,4,63677883358
1,6,63677883373
1,5,63677883397
1,5,63677883457
1,5,63677883457
1,1,63677883461
2,2,63677883474
1,1,63677883521
1,2,63677883534
1,2,63677883534
1,3,63677883535
1,4,63677883538
1,6,63677883553
1,1,63677883581
1,2,63677883594
1,5,63677883637
1,1,63677883641
1,1,63677883641
1,2,63677883654
1,3,63677883655
1,1,63677883701
1,2,63677883714
2,4,63677883718
2,6,63677883733
2,5,63677883757
1,1,63677883761
1,2,63677883774
2,3,63677883775
1,4,63677883778
1,6,63677883793
2,2,63677883834
3,4,63677883838
1,5,63677883877
1,5,63677883877
1,1,63677883881
1,5,63677883937
1,1,63677883941
2,2,63677883954
2,3,63677883955
1,4,63677883958
1,6,63677883973
2,1,63677884001
5,4,63677884018
1,4,63677884018
1,1,63677884061
1,1,63677884061
1,2,63677884074
1,3,63677884075
1,4,63677884078
2,1,63677884181
1,1,63677884181
1,2,63677884194
1,5,63677884237
1,1,63677884241
1,2,63677884254
1,2,63677884374
2,6,63677884393
1,1,63677884421
1,2,63677884434
1,4,63677884438
1,6,63677884453
1,5,63677884476
1,1,63677884481
2,1,63677884481
1,5,63677884536
1,2,63677884554
1,4,63677884558
2,1,63677884601
1,3,63677884615
1,4,63677884618
1,6,63677884633
3,1,63677884661
2,2,63677884674
1,6,63677884693
2,1,63677884721
1,1,63677884721
1,2,63677884734
1,5,63677884776
3,1,63677884781
3,4,63677884798
1,5,63677884836
1,2,63677884854
1,4,63677884858
1,6,63677884873
1,1,63677884901
1,2,63677884914
1,3,63677884975
1,5,63677885016
1,1,63677885021
1,2,63677885034
1,1,63677885081
1,1,63677885081
1,2,63677885094
1,3,63677885095
4,4,63677885098
1,1,63677885141
1,1,63677885141
1,2,63677885154
1,2,63677885154
1,4,63677885158
1,1,63677885201
2,1,63677885201
1,2,63677885214
1,1,63677885261
2,1,63677885261
1,2,63677885274
1,2,63677885274
1,1,63677885321
1,1,63677885321
1,2,63677885334
1,1,63677885381
1,1,63677885381
1,3,63677885395
1,4,63677885398
1,4,63677885398
1,1,63677885441
1,2,63677885454
1,2,63677885454
1,3,63677885455
1,1,63677885501
1,2,63677885514
4,4,63677885518
5,6,63677885533
1,6,63677885533
1,1,63677885561
1,2,63677885574
2,4,63677885578
2,6,63677885593
2,6,63677885593
1,5,63677885616
3,1,63677885621
2,2,63677885634
1,2,63677885634
1,3,63677885635
2,4,63677885638
1,6,63677885653
1,5,63677885676
3,2,63677885694
1,5,63677885736
1,1,63677885741
2,1,63677885741
1,2,63677885754
1,4,63677885758
1,6,63677885773
1,5,63677885796
2,6,63677885833
1,2,63677885874
1,4,63677885878
2,1,63677885921
1,4,63677885998
1,6,63677886013
1,2,63677886054
1,3,63677886055
1,4,63677886058
4,6,63677886073
1,6,63677886073
1,5,63677886096
2,1,63677886101
1,2,63677886114
2,4,63677886118
2,6,63677886133
1,5,63677886156
1,3,63677886175
1,4,63677886238
1,2,63677886294
1,4,63677886298
1,6,63677886313
1,6,63677886313
1,6,63677886373
1,4,63677886418
1,6,63677886433
2,1,63677886461
1,2,63677886474
1,1,63677886521
1,2,63677886534
2,2,63677886534
1,4,63677886538
1,6,63677886553
1,5,63677886576
3,1,63677886581
1,1,63677886701
1,2,63677886714
2,2,63677886774
1,3,63677886775
2,3,63677886775
1,6,63677886793
1,5,63677886816
1,1,63677886881
1,6,63677886913
1,4,63677886958
2,6,63677886973
1,6,63677887033
1,1,63677887061
1,2,63677887074
1,4,63677887078
1,6,63677887093
1,1,63677887121
1,2,63677887134
1,6,63677887153
2,1,63677887181
1,1,63677887181
1,1,63677887241
1,1,63677887301
1,6,63677887393
2,6,63677887453
1,1,63677887481
1,2,63677887494
1,6,63677887513
1,6,63677887573
2,6,63677887573
1,2,63677887614
1,4,63677887678
2,2,63677887734
1,4,63677887738
3,5,63677887776
2,1,63677887781
1,5,63677887836
1,1,63677887841
2,2,63677887854
1,6,63677887873
1,1,63677887901
1,1,63677887901
1,4,63677887917
1,6,63677887933
1,2,63677888034
1,2,63677888154
1,6,63677888173
1,5,63677888196
1,3,63677888215
1,6,63677888233
1,2,63677888274
1,3,63677888275
1,4,63677888277
2,6,63677888293
1,2,63677888334
1,2,63677888334
1,4,63677888337
1,6,63677888353
1,6,63677888353
2,4,63677888397
1,6,63677888413
1,1,63677888441
1,2,63677888454
1,4,63677888457
1,6,63677888473
1,5,63677888496
1,1,63677888501
1,1,63677888561
1,2,63677888574
1,1,63677888621
1,1,63677888681
2,2,63677888694
1,3,63677888755
3,1,63677888801
1,6,63677888833
2,1,63677888981
1,2,63677888994
1,4,63677888997
1,1,63677889041
1,2,63677889054
1,1,63677889101
1,2,63677889114
1,3,63677889115
1,6,63677889133
1,5,63677889156
1,1,63677889161
1,3,63677889175
1,1,63677889221
1,2,63677889234
1,3,63677889295
1,4,63677889297
1,6,63677889313
1,1,63677889341
3,6,63677889373
1,1,63677889401
2,1,63677889401
1,6,63677889433
1,1,63677889461
1,2,63677889474
1,2,63677889474
1,4,63677889477
1,6,63677889493
1,6,63677889493
1,1,63677889521
1,1,63677889521
1,2,63677889594
1,4,63677889597
2,4,63677889597
1,4,63677889657
1,1,63677889701
1,3,63677889775
1,2,63677889834
1,6,63677889853
1,6,63677889853
1,2,63677889894
1,4,63677889897
1,1,63677889941
1,6,63677889973
1,5,63677889996
1,1,63677890001
1,2,63677890013
1,2,63677890013
1,3,63677890015
1,4,63677890017
3,1,63677890061
1,6,63677890093
1,5,63677890116
1,6,63677890153
1,5,63677890176
2,2,63677890193
2,4,63677890197
1,6,63677890213
1,6,63677890213
1,1,63677890241
1,6,63677890332
1,5,63677890356
1,3,63677890375
1,5,63677890416
1,6,63677890452
2,6,63677890452
1,5,63677890476
1,3,63677890495
1,5,63677890536
1,2,63677890553
1,4,63677890557
1,5,63677890596
1,6,63677890632
1,1,63677890661
1,6,63677890752
1,1,63677890781
3,4,63677890797
1,2,63677890853
1,6,63677890872
1,1,63677890901
1,4,63677890917
1,5,63677890956
1,3,63677890975
3,4,63677890977
1,5,63677891016
1,2,63677891033
4,2,63677891033
4,1,63677891081
1,6,63677891112
1,5,63677891136
1,2,63677891153
1,6,63677891232
1,1,63677891321
1,3,63677891335
1,1,63677891441
3,2,63677891453
1,4,63677891457
1,4,63677891457
1,6,63677891472
3,1,63677891501
1,4,63677891637
1,2,63677891693
1,3,63677891694
1,6,63677891712
1,1,63677891741
3,2,63677891753
1,3,63677891754
1,4,63677891757
1,6,63677891772
1,1,63677891801
2,1,63677891801
1,3,63677891814
1,5,63677891856
1,1,63677891861
1,4,63677891877
1,5,63677891916
1,3,63677891934
1,5,63677891976
1,1,63677891981
1,2,63677891993
1,6,63677892012
1,1,63677892041
1,2,63677892053
1,3,63677892054
1,4,63677892057
2,6,63677892072
1,1,63677892101
1,2,63677892113
1,4,63677892117
1,1,63677892161
2,1,63677892161
2,5,63677892216
1,4,63677892297
1,6,63677892312
2,6,63677892312
1,3,63677892354
2,1,63677892401
3,2,63677892413
1,2,63677892413
2,3,63677892414
2,1,63677892461
1,4,63677892477
1,1,63677892521
1,4,63677892657
1,6,63677892672
1,2,63677892713
1,4,63677892717
1,1,63677892761
1,4,63677892777
2,6,63677892792
2,2,63677892833
2,1,63677892881
2,1,63677892881
1,6,63677892912
1,1,63677892941
1,6,63677892972
2,1,63677893001
3,1,63677893001
1,2,63677893013
1,2,63677893013
1,2,63677893073
1,3,63677893074
1,6,63677893092
1,1,63677893121
1,1,63677893121
1,2,63677893133
1,2,63677893133
1,6,63677893152
1,6,63677893152
1,2,63677893193
1,4,63677893197
1,6,63677893212
1,1,63677893241
2,2,63677893253
1,2,63677893253
1,6,63677893272
1,5,63677893295
1,1,63677893301
3,4,63677893317
1,6,63677893332
1,4,63677893377
1,6,63677893392
1,5,63677893415
1,2,63677893433
1,5,63677893475
1,1,63677893481
1,1,63677893541
1,1,63677893601
1,2,63677893613
1,2,63677893613
1,3,63677893674
1,5,63677893715
1,4,63677893737
1,4,63677893797
1,1,63677893841
1,2,63677893853
1,3,63677893854
2,6,63677893872
1,2,63677893913
1,6,63677893932
1,3,63677894034
1,4,63677894037
1,4,63677894037
1,6,63677894052
1,1,63677894081
1,2,63677894093
2,2,63677894093
5,1,63677894141
1,2,63677894153
1,4,63677894157
2,4,63677894157
1,6,63677894172
1,6,63677894172
1,2,63677894213
2,6,63677894292
2,5,63677894495
1,1,63677894501
2,2,63677894513
1,3,63677894514
2,1,63677894561
1,2,63677894633
1,3,63677894634
1,2,63677894693
1,6,63677894712
1,1,63677894741
1,2,63677894813
1,5,63677894915
1,3,63677894934
2,4,63677894937
1,2,63677894993
1,3,63677894994
1,4,63677894997
1,3,63677895054
1,5,63677895095
1,3,63677895174
1,5,63677895755
1,3,63677895774
1,4,63677895777
1,6,63677895792
1,2,63677895833
2,4,63677895837
1,1,63677895881
1,4,63677895957
1,6,63677895972
1,1,63677896001
1,2,63677896013
1,2,63677896013
1,6,63677896032
1,1,63677896061
1,2,63677896073
1,2,63677896073
1,1,63677896121
1,2,63677896133
1,3,63677896134
1,6,63677896152
1,5,63677896235
1,1,63677896301
1,2,63677896313
1,4,63677896317
1,2,63677896433
2,6,63677896452
1,6,63677896452
1,1,63677896481
1,2,63677896493
1,6,63677896512
2,1,63677896541
1,6,63677896572
1,1,63677896601
1,2,63677896613
1,6,63677896632
1,1,63677896661
2,2,63677896673
1,4,63677896677
2,6,63677896752
1,1,63677896781
1,1,63677896901
1,1,63677896901
1,4,63677896917
1,4,63677896917
1,2,63677896973
2,3,63677897094
1,3,63677897094
1,6,63677897111
1,5,63677897195
1,4,63677897217
2,6,63677897231
1,1,63677897260
1,6,63677897351
1,6,63677897411
1,5,63677897435
1,2,63677897693
2,1,63677897740
1,6,63677897831
1,4,63677897876
1,6,63677897891
1,2,63677897933
1,4,63677897936
1,6,63677897951
1,1,63677897980
1,1,63677898040
1,1,63677898040
1,1,63677898100
1,6,63677898191
2,4,63677898236
2,6,63677898251
4,1,63677898281
1,1,63677898340
2,6,63677898371
1,3,63677898474
1,3,63677898594
1,1,63677898640
1,1,63677898820
1,2,63677898892
1,1,63677898940
1,6,63677898971
2,1,63677899060
1,2,63677899072
2,2,63677899132
1,3,63677899134
1,4,63677899136
3,1,63677899180
1,1,63677899360
1,2,63677899372
4,6,63677899391
2,1,63677899420
2,2,63677899432
1,1,63677899480
1,2,63677899492
2,1,63677899540
1,1,63677899660
1,2,63677899732
1,1,63677899780
1,2,63677899792
1,1,63677899900
1,1,63677899960
1,1,63677900140
1,1,63677900200
1,1,63677900320
1,6,63677900411
1,2,63677900512
1,6,63677900531
2,1,63677900620
1,6,63677900951
1,1,63677900980
1,1,63677900980
2,6,63677901071
1,1,63677901100
1,1,63677901160
1,6,63677901311
1,2,63677901412
1,1,63677901580
3,2,63677901592
1,1,63677901640
3,1,63677901640
1,1,63677901700
1,6,63677901971
3,2,63677902312
2,4,63677902316
2,1,63677902360
1,1,63677902420
1,2,63677902552
1,1,63677902600
2,1,63677902780
1,6,63677902811
1,1,63677902960
1,2,63677902972
1,1,63677903140
1,6,63677903471
1,6,63677903711
1,1,63677903740
1,6,63677903890
1,1,63677903920
1,4,63677903996
1,1,63677904280
1,2,63677904532
1,2,63677904532
1,4,63677904536
1,1,63677904580
1,4,63677904716
1,3,63677905013
1,4,63677905316
1,6,63677905330
1,4,63677905436
1,4,63677905556
1,4,63677905616
1,5,63677905654
1,4,63677906095
1,5,63677906494
2,1,63677906500
1,2,63677906511
1,3,63677906513
1,1,63677906560
1,2,63677906751
1,2,63677906871
1,6,63677908030
1,6,63677911269
1,5,63677911473
1,2,63677913171
1,2,63677913291
1,1,63677917658
1,2,63677917730
1,3,63677917911
1,5,63677918072
1,5,63677918312
1,2,63677918390
1,3,63677918391
1,1,63677918438
1,5,63677932710
1,4,63677932732
1,2,63677932788
1,1,63677932837
1,6,63677951253
1,6,63677951732
1,6,63677952452
1,6,63677952752
1,6,63677953172
1,1,63677953175
1,4,63677953219
1,1,63677953954
1,1,63677954014
1,5,63677954036
1,6,63677954072
1,6,63677954192
1,4,63677954359
2,1,63677954434
1,5,63677954516
1,2,63677954535
1,1,63677954554
1,1,63677954614
1,1,63677954794
1,5,63677955056
1,5,63677955176
1,6,63677955392
1,6,63677955392
1,2,63677955494
1,4,63677955499
1,1,63677955514
1,6,63677955572
1,6,63677955632
1,4,63677955679
1,6,63677955812
1,4,63677955859
1,1,63677955874
1,5,63677956196
1,2,63677956334
1,1,63677956354
1,1,63677956354
1,4,63677956399
1,6,63677956412
1,1,63677956414
1,2,63677956454
1,1,63677956474
1,2,63677956514
1,2,63677956574
1,2,63677956634
1,3,63677956636
1,5,63677956676
3,6,63677956712
1,2,63677956754
1,4,63677956759
1,6,63677956772
1,6,63677956772
1,6,63677956832
1,1,63677956834
1,1,63677956834
1,2,63677956874
1,3,63677956876
1,4,63677956879
1,1,63677956894
1,2,63677956934
1,3,63677956996
1,4,63677956999
1,5,63677957036
1,2,63677957054
1,6,63677957072
1,2,63677957114
1,4,63677957119
1,1,63677957134
1,2,63677957234
1,6,63677957252
2,1,63677957254
1,1,63677957254
1,5,63677957276
1,2,63677957294
1,3,63677957296
1,4,63677957299
1,2,63677957354
1,3,63677957356
1,6,63677957372
1,6,63677957372
1,1,63677957374
1,5,63677957396
1,3,63677957414
1,2,63677957414
1,4,63677957419
1,6,63677957432
2,1,63677957434
1,2,63677957474
1,6,63677957492
2,2,63677957534
1,4,63677957539
1,4,63677957539
2,1,63677957554
1,2,63677957594
1,6,63677957612
1,1,63677957614
2,2,63677957654
2,4,63677957659
1,5,63677957696
1,2,63677957714
1,3,63677957715
1,4,63677957718
1,2,63677957774
1,3,63677957775
1,4,63677957778
1,6,63677957792
1,1,63677957794
1,4,63677957838
2,6,63677957852
2,1,63677957854
1,5,63677957876
1,3,63677957895
1,6,63677957912
1,5,63677957935
2,1,63677957974
1,3,63677958015
3,1,63677958034
2,2,63677958074
1,1,63677958094
1,5,63677958115
1,2,63677958134
1,3,63677958135
1,3,63677958135
1,4,63677958138
1,6,63677958152
1,1,63677958154
1,5,63677958175
1,3,63677958195
1,4,63677958198
2,1,63677958214
2,1,63677958334
2,1,63677958394
1,3,63677958495
1,1,63677958514
1,5,63677958535
3,3,63677958555
1,6,63677958572
1,2,63677958614
2,2,63677958674
1,4,63677958678
1,4,63677958738
1,6,63677958752
1,6,63677958871
1,1,63677959054
1,1,63677959234
1,6,63677959291
1,6,63677959291
1,1,63677959294
1,4,63677959338
1,1,63677959354
1,4,63677959398
1,1,63677959474
1,1,63677959534
1,2,63677959574
1,4,63677959578
1,4,63677959638
2,4,63677959698
1,2,63677959754
1,1,63677959774
2,2,63677959814
2,3,63677959815
1,4,63677959818
2,1,63677959834
1,6,63677959891
3,4,63677959938
2,1,63677959954
1,2,63677959994
1,3,63677960055
1,1,63677960074
1,6,63677960131
1,1,63677960134
1,1,63677960134
1,1,63677960194
1,2,63677960234
1,3,63677960235
2,1,63677960254
1,5,63677960275
1,2,63677960294
1,2,63677960354
1,4,63677960358
1,6,63677960371
1,1,63677960374
1,5,63677960395
1,4,63677960478
1,6,63677960491
1,2,63677960594
2,1,63677960614
2,1,63677960674
1,1,63677960674
1,2,63677960714
1,6,63677960731
1,3,63677960775
2,2,63677960834
1,3,63677960835
1,3,63677960835
2,4,63677960838
3,1,63677960854
1,5,63677960875
1,5,63677960875
1,3,63677960895
1,6,63677960911
1,1,63677960914
1,2,63677960954
2,3,63677960955
1,4,63677960958
2,1,63677960974
2,5,63677960995
1,6,63677961031
3,1,63677961034
1,2,63677961074
1,6,63677961091
1,1,63677961094
4,2,63677961134
1,4,63677961138
1,4,63677961138
1,1,63677961154
1,2,63677961194
1,4,63677961198
1,6,63677961211
1,6,63677961211
1,1,63677961214
1,2,63677961254
3,4,63677961258
1,1,63677961274
1,2,63677961314
1,3,63677961315
1,4,63677961318
1,6,63677961331
1,2,63677961374
1,4,63677961378
3,4,63677961378
1,4,63677961438
1,1,63677961454
1,1,63677961514
1,6,63677961571
1,1,63677961574
1,1,63677961634
1,6,63677961751
2,6,63677961751
1,6,63677961811
1,3,63677961855
1,6,63677961871
1,6,63677961931
3,6,63677961991
1,1,63677961994
1,4,63677962038
1,4,63677962098
1,4,63677962158
1,4,63677962218
1,4,63677962398
1,6,63677962471
1,6,63677962531
1,1,63677962534
1,2,63677962574
1,1,63677962594
1,4,63677962638
1,1,63677962714
1,2,63677962754
2,1,63677962774
1,3,63677962815
1,4,63677962818
1,1,63677962834
1,5,63677962855
1,5,63677962855
1,2,63677962874
1,4,63677962878
1,1,63677962894
1,5,63677962915
1,6,63677962951
2,4,63677963058
1,4,63677963058
1,6,63677963071
1,6,63677963071
1,1,63677963074
1,1,63677963074
1,2,63677963114
1,6,63677963131
1,1,63677963134
1,2,63677963174
1,4,63677963178
1,6,63677963191
1,1,63677963194
1,1,63677963194
3,2,63677963234
1,2,63677963234
2,4,63677963238
2,6,63677963251
1,1,63677963254
1,2,63677963294
1,3,63677963295
1,4,63677963298
1,6,63677963311
3,4,63677963358
1,2,63677963414
1,2,63677963414
1,4,63677963418
1,1,63677963554
1,4,63677963598
1,1,63677963614
1,4,63677963658
1,1,63677963674
1,2,63677963714
1,6,63677963731
1,6,63677963731
2,4,63677963778
2,4,63677963778
1,1,63677963794
4,2,63677963834
2,1,63677963854
1,2,63677963894
2,4,63677963898
1,5,63677963935
1,4,63677964018
1,3,63677964075
3,1,63677964094
1,5,63677964115
1,2,63677964133
2,1,63677964154
2,2,63677964193
1,1,63677964214
1,2,63677964253
1,1,63677964274
1,2,63677964313
3,4,63677964318
1,4,63677964318
1,6,63677964331
1,1,63677964334
1,3,63677964375
1,4,63677964378
1,1,63677964394
2,2,63677964433
1,4,63677964438
1,2,63677964493
1,3,63677964495
1,3,63677964495
1,1,63677964514
1,5,63677964535
1,4,63677964558
4,6,63677964571
1,2,63677964613
1,4,63677964618
2,4,63677964618
2,1,63677964634
2,1,63677964694
2,2,63677964733
1,2,63677964733
1,4,63677964738
1,6,63677964751
1,2,63677964793
1,4,63677964798
3,4,63677964798
2,6,63677964811
3,1,63677964814
3,4,63677964858
3,4,63677964858
1,6,63677964871
1,2,63677964913
1,4,63677964918
2,6,63677964931
1,1,63677964934
1,5,63677964955
1,4,63677964978
1,5,63677965075
1,2,63677965093
1,6,63677965111
1,1,63677965113
2,1,63677965113
1,4,63677965158
1,1,63677965173
1,5,63677965194
1,2,63677965213
2,2,63677965213
1,3,63677965215
1,4,63677965218
1,4,63677965218
1,6,63677965231
2,1,63677965233
1,5,63677965254
1,2,63677965273
1,4,63677965338
1,6,63677965351
1,2,63677965393
1,4,63677965398
1,6,63677965411
1,1,63677965413
2,1,63677965413
1,2,63677965453
1,2,63677965453
1,4,63677965458
1,4,63677965458
1,4,63677965518
1,6,63677965531
1,2,63677965573
1,6,63677965591
3,6,63677965591
1,1,63677965593
1,5,63677965614
1,2,63677965633
1,4,63677965638
4,4,63677965638
1,1,63677965653
1,3,63677965694
2,4,63677965698
1,2,63677965753
2,4,63677965758
1,1,63677965773
2,6,63677965831
1,6,63677965891
1,1,63677965893
1,1,63677965893
1,2,63677965933
1,6,63677965951
1,5,63677965974
2,4,63677965998
1,6,63677966011
1,1,63677966073
1,2,63677966113
1,1,63677966133
1,4,63677966298
1,6,63677966430
1,1,63677966433
1,2,63677966533
1,4,63677966538
1,6,63677966550
1,1,63677966553
2,2,63677966593
1,1,63677966733
1,1,63677966853
1,2,63677966893
1,1,63677966913
2,4,63677966958
1,6,63677966970
1,1,63677966973
1,2,63677967013
1,4,63677967018
1,2,63677967073
1,6,63677967150
1,5,63677967174
1,4,63677967197
1,2,63677967253
1,4,63677967257
1,6,63677967270
1,1,63677967273
1,1,63677967273
1,2,63677967313
1,4,63677967317
2,1,63677967333
1,2,63677967373
1,6,63677967390
1,1,63677967393
1,2,63677967433
1,1,63677967453
1,3,63677967494
1,2,63677967553
1,3,63677967554
2,4,63677967557
1,5,63677967594
1,2,63677967613
1,3,63677967614
1,4,63677967617
2,4,63677967617
1,1,63677967633
1,5,63677967654
2,1,63677967693
1,2,63677967733
1,2,63677967733
1,4,63677967737
1,6,63677967750
1,1,63677967753
1,1,63677967753
1,2,63677967793
1,3,63677967794
1,4,63677967797
1,4,63677967857
1,1,63677967873
1,1,63677967873
1,2,63677967913
2,1,63677967933
1,5,63677967954
1,4,63677967977
1,6,63677967990
1,6,63677967990
1,1,63677967993
1,2,63677968033
1,4,63677968037
5,1,63677968053
1,1,63677968053
3,2,63677968093
1,2,63677968093
1,6,63677968110
2,1,63677968113
2,1,63677968113
1,2,63677968153
1,3,63677968154
1,3,63677968154
2,4,63677968157
2,4,63677968157
3,6,63677968170
1,1,63677968173
2,1,63677968173
1,2,63677968213
1,4,63677968217
1,6,63677968230
2,6,63677968290
2,1,63677968293
1,1,63677968293
3,2,63677968333
1,3,63677968334
1,4,63677968337
1,6,63677968350
3,1,63677968353
1,1,63677968353
2,2,63677968393
1,2,63677968393
1,1,63677968413
4,1,63677968413
1,5,63677968434
1,2,63677968453
1,6,63677968470
1,1,63677968473
1,5,63677968494
1,6,63677968530
1,1,63677968533
1,4,63677968577
2,4,63677968577
1,1,63677968593
1,5,63677968614
1,2,63677968633
1,3,63677968634
1,1,63677968653
1,1,63677968653
1,2,63677968693
1,3,63677968694
1,4,63677968697
1,1,63677968713
2,1,63677968713
1,5,63677968735
1,6,63677968770
2,2,63677968813
1,2,63677968873
1,4,63677968877
1,4,63677968937
1,6,63677968950
1,1,63677968953
1,2,63677968993
1,6,63677969010
2,1,63677969013
1,4,63677969057
1,6,63677969070
1,6,63677969130
1,1,63677969133
1,1,63677969133
1,5,63677969154
1,2,63677969173
1,3,63677969174
1,4,63677969177
1,1,63677969193
1,1,63677969193
2,4,63677969237
1,5,63677969274
1,4,63677969297
1,4,63677969297
1,1,63677969313
1,5,63677969334
1,5,63677969334
1,1,63677969373
1,6,63677969430
2,1,63677969433
1,5,63677969454
1,2,63677969473
1,4,63677969477
1,4,63677969477
1,6,63677969490
1,1,63677969493
1,1,63677969553
1,2,63677969593
1,6,63677969610
1,1,63677969613
1,2,63677969653
1,4,63677969657
1,6,63677969670
1,1,63677969673
1,1,63677969673
1,6,63677969730
3,1,63677969733
1,2,63677969773
1,6,63677969790
1,1,63677969793
2,4,63677969837
1,4,63677969837
1,6,63677969850
1,1,63677969853
1,1,63677969913
1,2,63677969953
1,4,63677969957
1,6,63677969970
4,1,63677969973
1,1,63677969973
1,2,63677970013
1,2,63677970013
1,1,63677970033
1,5,63677970054
3,1,63677970093
1,5,63677970114
1,2,63677970133
2,2,63677970133
1,3,63677970134
2,1,63677970153
1,4,63677970197
2,1,63677970213
1,1,63677970213
1,5,63677970234
1,2,63677970253
3,3,63677970254
1,1,63677970273
1,2,63677970313
1,1,63677970333
1,1,63677970333
1,3,63677970374
1,4,63677970377
2,2,63677970433
2,1,63677970453
2,2,63677970493
1,4,63677970497
1,6,63677970510
1,6,63677970570
1,1,63677970573
4,2,63677970613
3,4,63677970617
1,6,63677970630
1,1,63677970633
2,1,63677970633
1,4,63677970677
1,6,63677970690
1,1,63677970693
1,3,63677970734
1,4,63677970737
1,6,63677970750
2,1,63677970753
1,5,63677970774
1,2,63677970793
2,3,63677970794
1,3,63677970794
1,6,63677970810
6,1,63677970813
1,5,63677970834
3,2,63677970853
1,2,63677970853
3,3,63677970914
1,4,63677970917
1,1,63677970933
1,2,63677970973
1,2,63677970973
1,3,63677970974
2,6,63677970990
1,1,63677970993
1,1,63677970993
2,2,63677971033
1,4,63677971037
2,1,63677971053
1,2,63677971153
1,4,63677971157
1,4,63677971157
1,6,63677971170
1,2,63677971213
1,4,63677971217
1,6,63677971230
1,1,63677971233
1,1,63677971233
1,2,63677971273
2,2,63677971273
1,6,63677971290
1,6,63677971290
1,1,63677971293
2,1,63677971293
1,2,63677971333
2,2,63677971333
2,1,63677971353
1,2,63677971393
3,2,63677971393
3,1,63677971413
1,3,63677971454
1,4,63677971457
1,4,63677971457
1,1,63677971473
1,2,63677971513
2,4,63677971517
1,1,63677971533
4,1,63677971533
2,2,63677971573
1,2,63677971573
1,4,63677971577
1,1,63677971593
2,1,63677971593
1,2,63677971633
2,1,63677971653
1,1,63677971653
4,2,63677971693
2,4,63677971697
6,1,63677971713
1,2,63677971753
1,2,63677971753
2,1,63677971773
1,2,63677971813
3,1,63677971893
1,1,63677971893
2,2,63677971933
1,4,63677971937
1,4,63677971937
1,6,63677971950
1,2,63677971993
1,6,63677972010
1,6,63677972010
1,1,63677972013
1,2,63677972053
1,3,63677972054
1,3,63677972054
5,4,63677972057
1,6,63677972070
2,1,63677972073
1,2,63677972113
1,3,63677972114
1,4,63677972117
1,6,63677972130
1,1,63677972133
2,2,63677972173
1,3,63677972174
1,4,63677972177
3,4,63677972177
1,1,63677972193
1,1,63677972193
1,1,63677972253
3,4,63677972297
1,4,63677972297
1,6,63677972310
1,4,63677972357
3,6,63677972370
1,5,63677972394
1,6,63677972430
1,1,63677972433
1,3,63677972474
1,6,63677972490
2,5,63677972513
1,3,63677972534
1,6,63677972550
1,4,63677972597
1,5,63677972634
2,3,63677972654
2,6,63677972670
1,1,63677972673
1,2,63677972713
2,6,63677972730
2,2,63677972773
4,4,63677972777
1,6,63677972850
2,1,63677972853
2,2,63677972953
1,4,63677972957
2,6,63677972970
6,2,63677973013
1,4,63677973017
3,4,63677973017
1,6,63677973030
3,1,63677973033
4,1,63677973093
1,2,63677973132
3,1,63677973153
1,6,63677973209
1,1,63677973213
2,4,63677973257
1,1,63677973273
2,1,63677973273
1,6,63677973329
3,1,63677973333
1,2,63677973372
1,6,63677973389
2,1,63677973393
1,1,63677973393
1,4,63677973437
1,4,63677973437
1,6,63677973449
1,1,63677973453
1,2,63677973492
1,3,63677973494
1,4,63677973497
1,4,63677973497
1,6,63677973509
1,1,63677973513
1,5,63677973533
1,4,63677973557
1,4,63677973557
1,6,63677973569
2,5,63677973593
1,6,63677973629
1,6,63677973629
1,5,63677973653
1,4,63677973677
1,1,63677973693
1,2,63677973732
1,5,63677973773
2,2,63677973792
1,6,63677973809
1,6,63677973809
1,1,63677973873
1,3,63677973974
1,4,63677973977
1,6,63677973989
1,6,63677973989
1,1,63677973993
2,4,63677974037
1,3,63677974094
1,6,63677974109
1,3,63677974154
3,4,63677974157
1,6,63677974169
1,5,63677974193
1,6,63677974229
1,6,63677974229
1,5,63677974253
1,6,63677974289
1,6,63677974289
1,3,63677974334
1,6,63677974409
3,1,63677974413
1,2,63677974452
1,4,63677974517
2,6,63677974529
1,6,63677974589
3,6,63677974589
1,1,63677974592
1,4,63677974637
1,6,63677974649
1,1,63677974652
1,5,63677974673
1,4,63677974697
2,1,63677974712
1,1,63677974712
1,5,63677974733
1,2,63677974752
1,1,63677974772
1,5,63677974793
2,2,63677974812
4,4,63677974817
1,5,63677974853
1,5,63677974853
3,2,63677974872
1,3,63677974874
1,4,63677974877
2,1,63677974892
4,1,63677974892
1,5,63677974913
1,2,63677974932
2,2,63677974932
2,3,63677974934
1,4,63677974937
4,1,63677974952
1,5,63677974973
1,5,63677974973
2,5,63677975033
3,2,63677975052
1,3,63677975054
3,3,63677975054
2,1,63677975072
2,1,63677975072
1,2,63677975112
1,2,63677975112
1,3,63677975114
3,1,63677975132
1,2,63677975172
1,6,63677975189
1,1,63677975192
1,1,63677975192
1,6,63677975249
1,1,63677975252
1,1,63677975252
1,2,63677975292
1,4,63677975297
1,4,63677975297
3,1,63677975312
1,1,63677975312
1,2,63677975352
2,2,63677975352
1,3,63677975354
2,4,63677975357
1,6,63677975369
1,1,63677975372
3,1,63677975372
5,5,63677975393
2,2,63677975412
1,2,63677975412
2,3,63677975414
1,4,63677975417
1,6,63677975429
3,1,63677975432
1,1,63677975432
2,2,63677975472
1,2,63677975472
1,3,63677975474
1,4,63677975477
2,4,63677975477
1,1,63677975492
1,1,63677975492
2,2,63677975532
1,6,63677975549
1,1,63677975552
3,1,63677975552
1,2,63677975592
4,1,63677975612
5,2,63677975652
1,3,63677975653
1,1,63677975672
1,2,63677975712
3,3,63677975713
3,4,63677975717
2,4,63677975717
1,1,63677975732
1,2,63677975772
1,1,63677975792
1,2,63677975832
1,1,63677975852
1,2,63677975892
1,2,63677975892
1,6,63677975909
1,1,63677975912
1,4,63677975956
1,1,63677975972
1,2,63677976012
2,4,63677976016
1,1,63677976032
1,2,63677976072
3,4,63677976076
1,5,63677976113
1,3,63677976133
1,3,63677976133
1,4,63677976136
1,1,63677976152
1,2,63677976192
1,4,63677976196
2,6,63677976209
1,1,63677976212
2,1,63677976272
1,2,63677976312
1,1,63677976332
1,1,63677976332
1,3,63677976493
3,4,63677976497
1,4,63677976497
1,2,63677976552
1,3,63677976553
1,6,63677976569
1,1,63677976572
3,6,63677976689
2,3,63677976733
1,6,63677976749
1,1,63677976752
1,5,63677976773
2,2,63677976792
1,2,63677976792
1,1,63677976812
3,5,63677976833
2,2,63677976852
1,3,63677976853
2,3,63677976853
2,4,63677976856
1,6,63677976869
2,1,63677976872
1,5,63677976893
1,2,63677976912
1,2,63677976912
2,3,63677976913
1,4,63677976916
4,1,63677976932
1,1,63677976932
1,2,63677976972
1,1,63677976992
1,2,63677977032
1,1,63677977052
1,4,63677977096
1,4,63677977096
1,2,63677977152
2,1,63677977172
3,4,63677977216
1,6,63677977229
1,2,63677977272
1,1,63677977292
1,6,63677977349
2,6,63677977409
1,1,63677977412
1,2,63677977452
1,4,63677977456
4,1,63677977472
1,4,63677977516
2,6,63677977529
1,1,63677977532
1,2,63677977572
1,4,63677977636
1,5,63677977673
1,2,63677977692
1,6,63677977709
1,1,63677977712
1,2,63677977752
1,5,63677977853
1,3,63677977873
1,3,63677977933
1,6,63677978069
1,6,63677978069
1,1,63677978072
1,2,63677978112
1,6,63677978129
1,1,63677978132
1,4,63677978176
1,6,63677978189
1,6,63677978189
1,1,63677978192
1,2,63677978232
1,4,63677978236
1,6,63677978249
1,4,63677978296
1,6,63677978309
1,2,63677978352
1,4,63677978356
1,1,63677978372
1,2,63677978412
2,2,63677978532
1,3,63677978533
1,1,63677978552
1,1,63677978552
1,2,63677978592
1,2,63677978592
1,1,63677978612
2,1,63677978612
1,2,63677978652
1,2,63677978652
1,1,63677978672
1,1,63677978672
1,2,63677978712
1,5,63677978753
2,2,63677978772
1,3,63677978773
1,4,63677978776
1,4,63677978776
2,1,63677978792
1,3,63677978833
1,4,63677978836
1,6,63677978849
1,2,63677978892
1,6,63677978909
1,2,63677978952
2,2,63677978952
1,6,63677978969
1,1,63677978972
2,1,63677978972
1,2,63677979012
1,3,63677979013
1,4,63677979016
1,6,63677979029
1,1,63677979032
2,1,63677979032
1,2,63677979072
1,3,63677979073
2,6,63677979089
1,1,63677979092
2,5,63677979113
1,2,63677979132
1,4,63677979136
1,4,63677979136
1,5,63677979173
4,3,63677979193
1,4,63677979196
1,6,63677979209
1,1,63677979212
2,2,63677979252
1,6,63677979269
1,6,63677979269
1,1,63677979272
1,5,63677979293
1,2,63677979312
1,2,63677979312
1,1,63677979332
1,1,63677979332
1,2,63677979372
1,6,63677979389
2,2,63677979432
2,2,63677979432
1,3,63677979433
1,6,63677979449
4,1,63677979452
1,6,63677979509
1,2,63677979552
1,4,63677979556
1,1,63677979572
1,4,63677979616
1,1,63677979632
1,2,63677979672
1,4,63677979676
2,6,63677979689
1,1,63677979692
1,6,63677979809
1,4,63677979916
1,6,63677979928
1,1,63677980052
1,6,63677980108
1,2,63677980152
1,6,63677980169
1,1,63677980172
1,2,63677980212
1,6,63677980229
1,6,63677980229
1,1,63677980232
1,2,63677980272
1,6,63677980289
1,4,63677980336
1,6,63677980349
1,5,63677980373
1,6,63677980409
1,1,63677980412
1,5,63677980433
2,2,63677980452
1,2,63677980512
1,3,63677980513
1,1,63677980532
1,6,63677980588
1,4,63677980636
1,4,63677980696
1,1,63677980832
1,1,63677980832
1,6,63677980888
1,1,63677980952
1,4,63677980996
1,1,63677981012
1,5,63677981092
1,4,63677981116
1,6,63677981128
1,2,63677981171
2,4,63677981176
1,1,63677981192
3,2,63677981231
1,1,63677981252
1,1,63677981312
1,1,63677981432
1,2,63677981531
2,2,63677981531
1,4,63677981536
2,1,63677981612
1,2,63677981711
1,4,63677981716
1,1,63677981732
1,1,63677981912
1,2,63677981951
1,2,63677981951
1,4,63677981956
1,4,63677982016
1,6,63677982028
1,2,63677982071
1,5,63677982112
2,1,63677982152
1,6,63677982208
1,1,63677982212
2,4,63677982256
1,2,63677982371
1,4,63677982376
2,1,63677982392
1,6,63677982448
4,1,63677982452
3,2,63677982491
1,4,63677982496
1,6,63677982508
2,2,63677982551
1,3,63677982553
1,4,63677982556
3,1,63677982572
1,4,63677982616
1,4,63677982676
1,6,63677982688
1,2,63677982731
1,4,63677982736
1,1,63677982752
1,2,63677982791
1,1,63677982812
1,2,63677982851
1,2,63677982911
1,4,63677982916
1,1,63677982932
1,1,63677982992
1,2,63677983031
1,1,63677983052
1,4,63677983096
3,6,63677983108
1,2,63677983151
2,4,63677983456
1,6,63677983468
1,4,63677983516
1,4,63677983516
1,4,63677983576
4,2,63677983631
1,6,63677983768
1,1,63677983772
3,1,63677983832
2,2,63677983871
1,6,63677983888
1,1,63677983892
2,2,63677983931
1,1,63677984012
1,2,63677984171
1,2,63677984231
1,3,63677984232
1,1,63677984252
1,5,63677984272
2,6,63677984308
1,6,63677984308
3,4,63677984356
1,6,63677984368
1,1,63677984372
1,1,63677984372
1,1,63677984432
1,6,63677984488
1,6,63677984488
2,4,63677984536
1,6,63677984548
1,1,63677984612
1,1,63677984612
1,2,63677984651
1,2,63677984651
1,4,63677984656
1,3,63677984712
1,4,63677984716
1,6,63677984848
1,1,63677984851
1,4,63677984896
1,1,63677984911
2,2,63677984951
1,2,63677984951
2,4,63677984956
1,1,63677984971
2,2,63677985011
1,4,63677985016
1,6,63677985028
2,1,63677985031
1,4,63677985076
1,1,63677985092
1,2,63677985131
2,1,63677985152
1,5,63677985172
1,1,63677985212
1,1,63677985332
2,5,63677985352
1,3,63677985432
1,1,63677985452
1,5,63677985472
1,2,63677985491
1,6,63677985508
1,5,63677985592
2,1,63677985691
1,2,63677985791
1,1,63677985811
1,2,63677985911
2,1,63677985931
1,1,63677985931
2,2,63677985971
2,6,63677985988
1,1,63677985991
1,2,63677986031
1,3,63677986032
3,1,63677986051
2,2,63677986091
1,2,63677986211
1,1,63677986231
2,1,63677986411
2,1,63677986471
1,4,63677986575
1,6,63677986648
1,1,63677986711
1,1,63677987011
1,6,63677987068
1,1,63677987071
1,5,63677987152
2,3,63677987172
1,4,63677987355
1,6,63677987367
2,1,63677987371
1,3,63677987412
1,4,63677987415
1,2,63677987471
1,4,63677987475
2,2,63677987531
2,2,63677987531
2,1,63677987551
2,1,63677987551
1,2,63677987591
1,3,63677987592
1,1,63677987611
1,5,63677987632
3,2,63677987651
1,3,63677987652
1,6,63677987667
3,1,63677987671
1,2,63677987711
4,4,63677987715
1,1,63677987731
2,2,63677987771
1,1,63677987791
1,4,63677987835
1,4,63677987895
1,6,63677987907
1,1,63677987971
1,4,63677988015
1,6,63677988087
2,1,63677988091
1,2,63677988131
1,1,63677988151
1,6,63677988207
1,1,63677988331
1,2,63677988371
1,1,63677988391
1,6,63677988567
1,2,63677988731
1,4,63677988735
1,6,63677988747
1,1,63677988751
2,1,63677988751
1,2,63677988791
1,6,63677988807
1,1,63677988811
1,2,63677988851
1,3,63677988852
1,4,63677988855
1,3,63677989032
1,3,63677989092
1,6,63677989167
1,1,63677989231
1,2,63677989390
1,4,63677989395
1,1,63677989411
1,4,63677989815
1,4,63677989875
1,1,63677990311
1,1,63677990791
2,1,63677990851
1,2,63677991010
1,4,63677991015
1,1,63677991031
1,6,63677991447
1,2,63677991550
1,3,63677991852
1,5,63677992071
2,5,63677992311
1,6,63677992467
1,3,63677992571
1,4,63677992815
1,1,63677993491
1,3,63677993591
1,2,63677993650
1,5,63677993931
1,3,63677993951
1,2,63677994070
1,1,63677994091
1,6,63677994266
1,6,63677995286
1,2,63677995450
1,3,63677995511
1,3,63677995931
1,6,63677996246
1,4,63677996294
1,6,63677997446
1,6,63677997566
1,4,63677997614
1,4,63677997674
1,1,63677999070
1,2,63677999349
1,6,63678001585
1,1,63678003810
1,2,63678003969
1,3,63678004570
1,5,63678004789
1,5,63678005089
1,2,63678005109
2,3,63678005110
2,1,63678005129
